ID,default
5,0.15
7,0.15
17,0.57
20,0.15
24,0.2
31,0.06
42,0.02
46,0.16
62,0.17
63,0.84
67,0.73
73,0.07
74,0.18
79,0.06
80,0.3
89,0.22
90,0.91
94,0.18
98,0.04
101,0.16
104,0.26
106,0.41
109,0.16
111,0.1
113,0.8
117,0.12
118,0.82
119,0.01
122,0.24
123,0.27
126,0.35
136,0.02
137,0.1
148,0.21
149,0.53
151,0.03
153,0.28
155,0.37
156,0.05
157,0.1
158,0.08
161,0.81
164,0.14
166,0.85
167,0.07
170,0.08
172,0.18
176,0.78
178,0.36
189,0.14
192,0.91
195,0.16
196,0.74
202,0.41
203,0.1
206,0.3
219,0.08
220,0.1
224,0.03
229,0.55
234,0.62
245,0.37
246,0.43
259,0.13
263,0.24
265,0.19
267,0.12
276,0.23
278,0.32
279,0.23
288,0.04
289,0.85
294,0.5
302,0.46
305,0.17
307,0.11
309,0.88
313,0.18
320,0.11
326,0.12
338,0.15
349,0.15
352,0.45
358,0.02
365,0.18
366,0.3
367,0.03
368,0.48
372,0.28
374,0.88
378,0.12
384,0.02
387,0.13
394,0.08
398,0.1
405,0.39
410,0.01
413,0.17
419,0.04
421,0.75
425,0.01
426,0.14
443,0.15
445,0.21
452,0.82
453,0.28
454,0.11
457,0.68
462,0.17
463,0.07
467,0.13
480,0.02
486,0.11
489,0.23
490,0.08
491,0.09
492,0.87
493,0.03
494,0.07
498,0.45
503,0.13
508,0.02
509,0.04
511,0.13
512,0.14
517,0.05
532,0.17
536,0.2
537,0.13
539,0.29
542,0.07
545,0.06
546,0
549,0.06
551,0.46
554,0.27
556,0.1
560,0.59
568,0.03
570,0.02
575,0.34
576,0.81
583,0.13
589,0.14
591,0
596,0.01
603,0.01
604,0.9
608,0.14
611,0.18
614,0.69
618,0.1
620,0.11
625,0.24
627,0.12
628,0.07
629,0.14
631,0.3
635,0.59
636,0.17
637,0.09
638,0.05
645,0.42
648,0.01
652,0.05
663,0.38
667,0.35
669,0.76
680,0.26
681,0.09
685,0.25
689,0.24
694,0.2
702,0.08
704,0.58
705,0.46
714,0.13
715,0.09
720,0.21
722,0.34
727,0.01
730,0.32
736,0.22
741,0.05
743,0.14
746,0.09
751,0.27
752,0.55
754,0.08
769,0.35
774,0.03
777,0.05
781,0.2
784,0.29
791,0.61
792,0.5
795,0.1
807,0.39
810,0.22
821,0.4
828,0.06
829,0.2
831,0.26
833,0.04
834,0.14
835,0.26
837,0.59
838,0.04
846,0.04
850,0.7
853,0.16
855,0.09
860,0.04
861,0.02
863,0.95
866,0.09
869,0.09
870,0.5
871,0.4
872,0.1
874,0.13
876,0.18
882,0.02
896,0.11
897,0.51
901,0.37
902,0.22
904,0.26
914,0.27
916,0.33
917,0.03
920,0.18
924,0.4
930,0.13
935,0.12
942,0.23
945,0.08
961,0.43
967,0.31
970,0.05
972,0.02
973,0.76
974,0.1
977,0.59
981,0.03
988,0.94
990,0.53
992,0.29
996,0.24
1013,0.12
1025,0.03
1026,0.1
1027,0.07
1032,0.21
1034,0.01
1036,0.43
1038,0.42
1040,0.41
1043,0.07
1050,0.14
1053,0.24
1057,0.22
1062,0.2
1064,0.1
1066,0.04
1070,0.19
1072,0.12
1076,0.16
1079,0.4
1084,0.3
1090,0.08
1091,0.02
1093,0.23
1100,0.05
1106,0.39
1109,0.06
1111,0.12
1119,0.64
1125,0.39
1128,0.09
1129,0.15
1132,0.23
1133,0.74
1134,0.65
1137,0.13
1141,0.15
1144,0.32
1154,0.04
1155,0.36
1156,0.08
1167,0.22
1176,0.72
1177,0.11
1186,0.19
1188,0.35
1189,0.02
1197,0.05
1199,0.04
1202,0.21
1203,0.05
1209,0.18
1213,0.1
1220,0.09
1222,0.15
1230,0.23
1232,0.35
1235,0.08
1238,0.06
1242,0.81
1246,0.75
1248,0.29
1253,0
1259,0.32
1271,0.75
1276,0.26
1277,0.11
1280,0.17
1282,0.51
1283,0.19
1285,0.02
1287,0.05
1288,0.02
1291,0.19
1293,0.13
1299,0.29
1310,0.02
1312,0.92
1314,0.05
1315,0.48
1316,0.41
1327,0.13
1329,0.08
1342,0.06
1346,0.53
1348,0.11
1356,0.04
1357,0.17
1370,0.11
1388,0.52
1392,0.3
1396,0.22
1400,0.08
1402,0.62
1415,0.05
1431,0.28
1433,0.85
1434,0.14
1447,0.27
1450,0.2
1454,0.18
1470,0.28
1471,0.12
1472,0.41
1474,0.32
1475,0.22
1482,0.25
1483,0.02
1484,0.09
1485,0.08
1488,0.13
1491,0.18
1493,0.43
1494,0.1
1497,0.68
1498,0.02
1524,0.74
1529,0.23
1530,0.19
1532,0.03
1536,0.18
1538,0.4
1548,0.04
1554,0.2
1556,0.11
1573,0.04
1580,0.24
1581,0.16
1582,0.03
1584,0.66
1593,0.1
1594,0.07
1596,0.1
1598,0.41
1605,0.08
1612,0.13
1615,0.07
1621,0.28
1627,0.25
1631,0.07
1632,0.05
1635,0.25
1637,0.28
1642,0.78
1643,0.2
1645,0.77
1646,0.11
1655,0.11
1657,0.3
1658,0.02
1671,0.19
1675,0.19
1678,0.22
1679,0.12
1683,0.12
1690,0.49
1695,0.26
1696,0.12
1697,0.77
1705,0.09
1707,0.87
1710,0.04
1711,0.11
1724,0.04
1730,0.37
1732,0.09
1735,0.14
1738,0.36
1740,0.29
1741,0.16
1746,0.24
1751,0.26
1753,0.07
1754,0.07
1762,0.09
1763,0.19
1765,0.44
1766,0.14
1771,0.16
1775,0.62
1783,0.16
1786,0.12
1787,0.67
1791,0.16
1796,0.52
1799,0.02
1801,0.09
1802,0.4
1803,0.22
1807,0.48
1808,0.02
1812,0.02
1813,0.23
1814,0.74
1818,0.24
1821,0.36
1825,0.32
1826,0.14
1833,0.14
1836,0.64
1839,0.24
1846,0.63
1848,0.18
1849,0.04
1853,0.01
1854,0
1855,0.05
1858,0.01
1864,0.1
1868,0.29
1870,0.9
1871,0.11
1879,0.06
1882,0.66
1887,0.08
1891,0.05
1899,0.06
1901,0.15
1912,0.1
1914,0.42
1915,0.12
1917,0.72
1919,0.03
1932,0.14
1935,0.35
1939,0.13
1946,0.48
1956,0.31
1962,0.58
1965,0.27
1971,0.1
1972,0.61
1979,0.53
1982,0.7
1983,0.03
1989,0.69
1992,0.9
1994,0.07
1995,0.55
1999,0.22
2010,0.21
2011,0.17
2023,0.13
2028,0.11
2032,0.35
2033,0.01
2036,0.08
2050,0.06
2056,0.27
2059,0.34
2069,0.1
2086,0.07
2087,0.85
2089,0.23
2092,0.07
2100,0.84
2103,0.76
2111,0.1
2113,0.07
2116,0.09
2120,0.08
2124,0.02
2126,0.38
2127,0.16
2128,0.82
2131,0.67
2141,0.65
2143,0.93
2144,0.95
2146,0.13
2147,0.7
2148,0.35
2149,0.7
2150,0.11
2151,0.09
2152,0.24
2154,0.03
2164,0.52
2169,0.22
2171,0.04
2177,0.01
2178,0.3
2179,0.06
2181,0.2
2183,0.08
2184,0.33
2187,0.33
2191,0.26
2196,0.39
2199,0.05
2200,0.43
2207,0.06
2208,0.08
2214,0.14
2216,0.23
2225,0.2
2226,0.34
2235,0.47
2238,0.06
2242,0.64
2248,0.54
2251,0.09
2262,0.21
2267,0.01
2268,0.22
2270,0.5
2275,0.12
2279,0.64
2280,0.04
2282,0.46
2287,0.58
2289,0.37
2297,0.08
2302,0.06
2303,0.09
2307,0.18
2310,0.23
2312,0.03
2313,0.48
2314,0.03
2318,0.11
2325,0.88
2331,0.04
2334,0.41
2335,0.21
2342,0.24
2344,0.18
2345,0.09
2348,0.04
2352,0.19
2355,0.58
2356,0.08
2359,0.05
2362,0.82
2364,0.13
2366,0.62
2369,0
2371,0.03
2373,0.03
2383,0.26
2386,0.18
2389,0.23
2391,0.31
2397,0.01
2403,0.41
2407,0.08
2416,0.09
2418,0.82
2429,0.14
2433,0.38
2434,0.13
2439,0.11
2443,0.65
2446,0.12
2453,0.25
2454,0.18
2456,0.16
2457,0.07
2463,0.61
2473,0.05
2474,0.09
2475,0.1
2491,0.21
2494,0.01
2497,0.08
2502,0.01
2503,0.02
2504,0.18
2505,0.23
2509,0.09
2512,0.07
2516,0.18
2524,0.15
2536,0.16
2548,0.28
2553,0.14
2554,0.04
2557,0.02
2561,0.08
2570,0.79
2576,0.39
2580,0.22
2581,0.11
2586,0.12
2598,0.05
2599,0.09
2600,0.22
2601,0.11
2602,0.74
2605,0.29
2608,0.45
2611,0.07
2617,0.25
2620,0.05
2624,0.17
2627,0.24
2632,0.7
2637,0.63
2646,0.07
2647,0.74
2649,0.12
2651,0.19
2652,0.12
2654,0.2
2655,0.44
2660,0.76
2671,0.13
2672,0.48
2682,0.34
2689,0.3
2693,0.15
2697,0.34
2699,0.04
2700,0.49
2715,0.72
2723,0.77
2725,0.79
2731,0.63
2732,0.09
2733,0.01
2749,0.04
2751,0.3
2752,0.22
2766,0.01
2769,0.11
2771,0.68
2776,0.1
2779,0.64
2793,0.13
2796,0.03
2798,0.02
2800,0.03
2809,0.01
2810,0.23
2811,0.4
2814,0.16
2828,0.8
2829,0.07
2830,0.13
2834,0.64
2835,0.19
2839,0.01
2847,0.03
2852,0.84
2856,0.01
2857,0.2
2859,0.05
2868,0.03
2870,0.27
2881,0.14
2883,0
2896,0.32
2899,0.13
2900,0.35
2903,0.06
2908,0.32
2910,0.06
2913,0.07
2922,0.36
2927,0.77
2932,0.13
2933,0.03
2935,0.13
2939,0.52
2940,0.06
2947,0.77
2950,0.05
2951,0.57
2952,0.21
2960,0.1
2963,0.26
2970,0.06
2978,0.02
2980,0.05
2981,0.15
2982,0.13
2986,0.87
2989,0.19
2992,0.1
2993,0.16
2996,0.32
3007,0.08
3012,0.15
3013,0.02
3016,0.12
3022,0.1
3030,0.06
3034,0.23
3047,0.74
3049,0.07
3051,0.08
3059,0.03
3060,0.07
3070,0.32
3072,0
3077,0.26
3079,0.04
3088,0.36
3102,0.05
3105,0.1
3107,0.04
3108,0.04
3115,0.1
3116,0.14
3117,0.43
3124,0.1
3125,0.13
3129,0.31
3136,0.75
3145,0.18
3146,0.08
3153,0.08
3154,0.72
3156,0.18
3157,0.51
3158,0.08
3160,0.1
3162,0.41
3166,0.15
3176,0.01
3177,0.25
3179,0.41
3180,0.06
3185,0.23
3189,0.21
3190,0.15
3192,0.38
3204,0.02
3211,0.36
3214,0.05
3216,0.02
3220,0.12
3231,0.02
3232,0.01
3238,0.09
3244,0.47
3246,0.7
3248,0.88
3253,0.27
3254,0.48
3257,0.5
3260,0.11
3268,0.03
3270,0.48
3275,0.52
3280,0.03
3284,0.1
3289,0.13
3309,0.3
3311,0.82
3312,0.01
3313,0.1
3316,0.02
3321,0.06
3335,0.24
3355,0.01
3362,0.21
3363,0.38
3369,0.22
3373,0.06
3374,0.13
3376,0.13
3380,0.13
3381,0.34
3393,0.09
3394,0.03
3395,0.35
3398,0.27
3400,0.35
3409,0.1
3419,0.84
3421,0.04
3429,0.27
3433,0.23
3437,0.34
3445,0.28
3446,0.15
3449,0.17
3451,0.08
3460,0.1
3461,0.22
3463,0.1
3468,0.1
3469,0.92
3471,0.23
3472,0.35
3473,0.15
3474,0.03
3476,0.08
3478,0.32
3481,0.19
3494,0.08
3496,0.66
3500,0.05
3506,0.05
3508,0.17
3519,0.13
3521,0.26
3524,0.08
3525,0.06
3526,0.17
3530,0.55
3533,0
3534,0.15
3537,0.87
3550,0.12
3551,0.43
3558,0.77
3563,0.03
3567,0.11
3568,0.37
3575,0.49
3577,0.1
3585,0.26
3594,0.5
3596,0.51
3600,0.2
3608,0.06
3624,0.14
3631,0.07
3636,0.02
3638,0.14
3639,0.04
3641,0.86
3643,0.06
3644,0.04
3645,0.72
3649,0.13
3652,0.24
3653,0.07
3664,0.55
3666,0.82
3669,0.39
3671,0.27
3672,0.7
3680,0.08
3692,0.18
3693,0.34
3701,0.17
3702,0.08
3706,0.12
3724,0.83
3736,0.28
3737,0.01
3738,0.04
3741,0.05
3743,0.05
3746,0.14
3748,0.15
3749,0.15
3751,0.13
3752,0.31
3753,0.07
3757,0.34
3760,0.06
3762,0.89
3769,0.27
3770,0.15
3772,0.18
3781,0.22
3789,0.12
3791,0.2
3794,0.07
3798,0.03
3800,0.16
3811,0.17
3816,0.49
3818,0.13
3828,0.34
3829,0.08
3832,0.11
3837,0.19
3840,0.89
3842,0
3847,0.19
3850,0.24
3856,0.11
3857,0.01
3858,0.1
3859,0.26
3876,0.12
3877,0.07
3879,0.61
3881,0.69
3884,0.11
3885,0.28
3891,0.67
3893,0.15
3894,0.12
3906,0.23
3911,0.34
3912,0.9
3914,0.14
3918,0.14
3920,0.45
3929,0.1
3933,0.03
3939,0.03
3944,0.2
3948,0.18
3950,0.32
3975,0.11
3981,0.12
3982,0.22
3987,0.11
3988,0.14
3993,0.87
3995,0.21
4009,0.26
4010,0.2
4011,0.18
4013,0.1
4018,0.05
4023,0.06
4026,0.07
4028,0.73
4031,0.84
4035,0.35
4036,0.08
4043,0.09
4044,0.44
4045,0.05
4047,0.06
4048,0.75
4052,0.01
4053,0.29
4063,0.13
4064,0.22
4070,0.18
4071,0.07
4089,0.13
4092,0.33
4100,0.2
4105,0.56
4106,0.2
4107,0.05
4108,0.15
4109,0.32
4110,0.08
4118,0.25
4121,0.07
4129,0.08
4138,0.09
4152,0.07
4164,0.02
4171,0.15
4173,0.12
4176,0.22
4178,0.25
4183,0.87
4192,0.05
4194,0.48
4196,0.2
4200,0.27
4204,0.11
4205,0.11
4207,0.15
4210,0.26
4214,0
4215,0.09
4220,0.52
4228,0.05
4234,0.23
4239,0.2
4243,0.38
4246,0.03
4264,0.83
4269,0.03
4276,0.78
4284,0.27
4290,0.31
4291,0.39
4296,0.2
4297,0.03
4304,0.04
4307,0.23
4312,0.15
4314,0.18
4315,0.1
4327,0.32
4330,0.09
4332,0.28
4335,0.75
4348,0.32
4352,0.68
4355,0.19
4359,0.27
4363,0.11
4365,0.14
4366,0.13
4368,0.14
4380,0.21
4389,0.11
4391,0.19
4393,0.15
4408,0.12
4410,0.29
4416,0.34
4426,0.06
4427,0.92
4432,0.1
4433,0.76
4434,0.19
4448,0.61
4454,0.18
4457,0.07
4459,0.1
4463,0.1
4474,0.07
4475,0.82
4478,0.13
4487,0.07
4500,0.11
4504,0.08
4508,0.55
4511,0.31
4513,0.06
4515,0.05
4518,0.36
4519,0.07
4524,0.09
4536,0.15
4537,0.09
4540,0.12
4542,0.16
4551,0.77
4554,0.06
4563,0.03
4565,0.1
4570,0.98
4572,0.09
4578,0.2
4582,0.32
4583,0.19
4593,0.79
4604,0.1
4605,0.1
4606,0.21
4611,0.24
4614,0.14
4617,0.13
4621,0.16
4624,0.01
4628,0.2
4630,0.11
4632,0.24
4635,0.17
4636,0.39
4641,0.67
4644,0.14
4646,0.02
4649,0.26
4650,0.15
4651,0.2
4654,0.58
4666,0.07
4672,0.79
4680,0.49
4685,0.26
4693,0.23
4696,0.15
4697,0.08
4698,0.41
4705,0.25
4706,0.05
4709,0.13
4718,0.09
4719,0.22
4726,0.19
4727,0.17
4730,0.11
4731,0.05
4738,0.07
4739,0.57
4744,0.47
4747,0.72
4748,0.54
4749,0.2
4750,0.2
4762,0.13
4771,0.1
4781,0.18
4785,0.16
4786,0.12
4798,0.02
4799,0.05
4800,0.1
4802,0.83
4816,0.07
4824,0.09
4834,0.52
4836,0.07
4838,0.08
4843,0.01
4845,0.04
4849,0.04
4851,0.04
4861,0.97
4865,0.07
4868,0.17
4872,0.05
4877,0.28
4878,0.06
4881,0.16
4898,0.06
4899,0.09
4906,0.25
4907,0.35
4908,0.25
4909,0.07
4914,0.14
4920,0.7
4921,0.06
4922,0.19
4926,0.31
4929,0.43
4931,0.92
4932,0.41
4935,0.75
4939,0.16
4945,0.1
4956,0.01
4957,0.18
4960,0.05
4962,0.34
4966,0.18
4967,0.02
4970,0.1
4972,0.27
4976,0.08
4977,0.01
4978,0.12
4986,0.69
4995,0.12
4998,0.03
5001,0.95
5008,0.69
5013,0.54
5018,0.29
5021,0.03
5035,0.08
5044,0.05
5046,0.06
5055,0.15
5056,0.17
5059,0.12
5062,0.28
5068,0.03
5073,0.06
5074,0.1
5075,0.2
5079,0.81
5080,0.72
5082,0.13
5090,0.06
5093,0.03
5095,0.08
5101,0.16
5102,0.2
5105,0.11
5108,0.02
5112,0.08
5116,0.52
5136,0.9
5160,0.09
5161,0.05
5165,0.86
5172,0.65
5173,0.09
5180,0.06
5188,0.13
5190,0.25
5198,0.02
5201,0.13
5202,0.13
5205,0.14
5206,0.12
5215,0.22
5228,0.17
5229,0.59
5248,0.42
5254,0.23
5264,0.08
5267,0.13
5270,0.1
5274,0.1
5275,0.16
5278,0.03
5282,0.06
5286,0.2
5289,0.24
5299,0.03
5300,0.19
5306,0.24
5323,0.73
5324,0.22
5326,0.21
5333,0.01
5336,0.15
5353,0.33
5358,0.18
5360,0.01
5368,0.12
5372,0.59
5382,0.19
5392,0
5400,0.18
5406,0.54
5407,0.1
5409,0.03
5412,0.22
5421,0.11
5424,0.63
5433,0.76
5437,0.21
5438,0.09
5443,0.06
5444,0.21
5445,0.74
5452,0.46
5456,0.32
5460,0.67
5461,0.22
5468,0.17
5484,0.08
5490,0.08
5492,0.17
5493,0.16
5495,0.08
5498,0.2
5500,0.08
5505,0.35
5509,0.11
5512,0.37
5513,0.72
5519,0.04
5520,0.22
5522,0.44
5523,0.18
5526,0.07
5528,0.72
5532,0.1
5536,0.16
5539,0.38
5544,0.29
5545,0.14
5546,0.59
5551,0.78
5558,0.78
5561,0.78
5563,0.22
5568,0.15
5569,0.03
5573,0.05
5580,0.89
5583,0.05
5591,0.26
5598,0.28
5610,0.41
5622,0.06
5628,0.09
5629,0.73
5637,0.19
5644,0.13
5649,0.08
5655,0.1
5658,0.35
5659,0.67
5671,0.44
5677,0.13
5681,0.02
5682,0.96
5683,0.66
5690,0.15
5698,0.16
5699,0.03
5708,0.14
5715,0.01
5717,0.16
5721,0.29
5722,0.73
5724,0.81
5725,0.86
5731,0.08
5760,0.16
5761,0.09
5762,0.14
5777,0.05
5779,0.03
5780,0.2
5782,0.14
5784,0.29
5786,0.58
5791,0.76
5794,0.59
5807,0.13
5811,0.16
5820,0.59
5825,0.84
5826,0.91
5827,0.13
5844,0.3
5850,0.75
5851,0.27
5859,0.27
5860,0.62
5862,0.17
5877,0.09
5878,0.02
5881,0.03
5883,0.81
5886,0.31
5889,0.05
5891,0.16
5893,0.71
5900,0.19
5907,0.11
5912,0.57
5914,0.05
5915,0.21
5916,0.38
5923,0.15
5925,0.68
5937,0.02
5940,0.32
5943,0.11
5958,0.04
5961,0.11
5973,0.73
5976,0.18
5983,0.45
5986,0.72
5987,0.14
5989,0.24
5993,0.52
5997,0.86
6002,0.06
6008,0.78
6015,0.44
6018,0.18
6019,0.58
6020,0.76
6021,0.29
6036,0.1
6050,0.56
6053,0.36
6054,0.16
6056,0.52
6060,0.24
6061,0.45
6072,0.02
6081,0.23
6085,0.67
6089,0.47
6090,0.29
6093,0.11
6098,0.1
6101,0.02
6109,0.49
6111,0.19
6112,0.76
6114,0.11
6116,0.15
6117,0.11
6127,0.21
6131,0.04
6134,0.13
6139,0.04
6141,0.11
6142,0.08
6146,0.69
6148,0.06
6149,0.13
6155,0.56
6158,0.23
6160,0.87
6161,0.29
6169,0.08
6172,0.12
6176,0.82
6177,0.77
6178,0.33
6185,0.03
6186,0.12
6196,0.1
6199,0.35
6206,0.24
6207,0.17
6212,0.23
6217,0.28
6219,0.24
6220,0.27
6223,0.03
6225,0.24
6227,0.04
6230,0.16
6231,0.31
6243,0.2
6247,0.18
6249,0.05
6250,0.33
6256,0.71
6260,0.37
6264,0.12
6277,0.22
6288,0.11
6291,0.13
6292,0.23
6300,0.15
6314,0.37
6333,0.08
6336,0.04
6338,0.72
6341,0.03
6349,0.85
6353,0.76
6354,0.21
6365,0.67
6368,0.31
6369,0.3
6371,0.65
6372,0.27
6376,0.13
6379,0.57
6381,0.2
6388,0.13
6393,0.07
6400,0.8
6403,0.1
6414,0.11
6415,0.09
6420,0.2
6424,0.17
6428,0.1
6434,0.22
6435,0.48
6438,0.07
6443,0.26
6451,0.14
6471,0.25
6476,0.39
6477,0.07
6483,0.11
6494,0.67
6506,0.27
6512,0.21
6516,0.09
6519,0.29
6522,0.26
6524,0.09
6533,0.22
6538,0.03
6542,0.61
6554,0.06
6558,0.42
6565,0.06
6566,0.08
6567,0.17
6574,0.05
6605,0.52
6606,0.08
6608,0.65
6613,0.24
6615,0.02
6618,0.71
6619,0.15
6621,0.14
6629,0.04
6631,0.06
6635,0.3
6637,0.65
6639,0.23
6641,0.05
6648,0.23
6655,0.79
6657,0.23
6659,0.06
6660,0.57
6665,0.23
6668,0.41
6676,0.12
6687,0.7
6688,0.81
6693,0.15
6698,0.21
6714,0.05
6715,0.4
6720,0.04
6725,0.12
6729,0.18
6740,0.15
6741,0.16
6744,0.09
6746,0.04
6747,0.12
6761,0.16
6762,0.13
6765,0.27
6766,0.02
6772,0.33
6773,0.27
6776,0.3
6777,0.13
6782,0.12
6784,0.82
6789,0.4
6797,0.17
6800,0.09
6803,0.03
6805,0.42
6812,0.08
6827,0.54
6832,0.12
6846,0.04
6847,0.48
6854,0.08
6856,0.17
6859,0.43
6861,0.04
6862,0.87
6875,0.2
6876,0.76
6881,0.13
6882,0.12
6886,0.12
6888,0.17
6889,0.35
6891,0.06
6894,0.55
6901,0.1
6904,0.47
6909,0.34
6912,0.1
6913,0.2
6929,0.09
6937,0.1
6939,0.24
6944,0.06
6946,0.33
6953,0.03
6960,0.03
6963,0.25
6969,0.27
6976,0.9
6981,0.03
6993,0.22
7002,0.14
7005,0.08
7006,0.85
7014,0.1
7028,0.04
7032,0.17
7033,0.09
7035,0.08
7039,0.31
7042,0.09
7044,0.15
7050,0.05
7051,0.6
7052,0.33
7053,0.09
7054,0.82
7055,0.08
7062,0.2
7068,0.69
7074,0.76
7083,0.59
7087,0.17
7093,0.05
7097,0.27
7102,0.19
7105,0.06
7111,0.05
7115,0
7117,0.4
7118,0.35
7120,0.08
7124,0.2
7125,0.23
7126,0.03
7130,0.09
7133,0.14
7134,0.47
7143,0.88
7144,0.11
7157,0.13
7160,0.08
7162,0.52
7169,0.7
7178,0.6
7183,0.63
7188,0.52
7192,0.19
7196,0.12
7199,0.26
7210,0.02
7215,0.67
7221,0.27
7225,0.27
7226,0.08
7236,0.13
7242,0.06
7243,0.23
7246,0.08
7247,0.1
7252,0.42
7253,0.07
7257,0.06
7270,0.12
7273,0.26
7278,0.39
7292,0.81
7296,0.05
7298,0.15
7300,0.24
7316,0.19
7318,0.13
7319,0.02
7320,0.59
7321,0.18
7329,0.17
7331,0.05
7339,0.92
7352,0.15
7354,0.25
7359,0.08
7361,0.26
7362,0.05
7370,0.28
7372,0.31
7381,0.02
7390,0.11
7392,0.33
7394,0.3
7401,0.05
7412,0.07
7414,0.17
7416,0.76
7420,0.39
7422,0.32
7423,0.09
7425,0.28
7427,0.01
7436,0.16
7439,0.2
7442,0.1
7444,0.48
7454,0.34
7456,0.48
7467,0.02
7469,0.44
7473,0.48
7477,0.15
7479,0.09
7485,0.52
7493,0.12
7498,0.08
7500,0.7
7506,0.3
7508,0.19
7513,0.15
7515,0.19
7525,0.08
7533,0.03
7536,0.91
7537,0.09
7539,0.66
7544,0.3
7547,0.2
7556,0.66
7557,0.2
7559,0.03
7560,0.12
7563,0.83
7564,0.1
7566,0.1
7568,0.04
7570,0.08
7571,0.05
7575,0.21
7581,0.11
7584,0.18
7590,0.78
7595,0.16
7603,0.22
7613,0.1
7619,0.28
7631,0.12
7635,0.03
7637,0.02
7642,0.01
7644,0.1
7653,0.04
7657,0.41
7660,0.75
7661,0.69
7667,0.64
7673,0.18
7679,0.86
7680,0.78
7687,0.09
7689,0.26
7691,0.21
7692,0.05
7695,0.05
7696,0.57
7699,0.06
7707,0.09
7709,0.05
7712,0.38
7714,0.06
7716,0.1
7718,0.17
7722,0.55
7723,0.07
7726,0.24
7729,0.03
7730,0.32
7735,0.73
7736,0.25
7744,0.89
7750,0.07
7761,0.29
7765,0.02
7767,0.15
7770,0.31
7783,0.13
7788,0.1
7792,0.34
7794,0.84
7804,0.4
7805,0.16
7807,0.16
7813,0.2
7818,0.37
7822,0.55
7823,0.16
7826,0.54
7827,0.07
7831,0.14
7835,0.08
7855,0.21
7858,0.25
7867,0.05
7869,0.45
7873,0.06
7875,0.18
7879,0.04
7884,0.05
7898,0.06
7902,0.5
7909,0.16
7917,0.11
7923,0.04
7924,0.78
7929,0.1
7940,0.16
7947,0.42
7951,0.88
7963,0.19
7964,0.28
7967,0.32
7976,0.15
7977,0.12
7978,0.02
7981,0.22
7983,0.37
7986,0.01
7987,0.06
7990,0.07
7991,0.79
7993,0.82
7996,0.05
8006,0.03
8007,0.89
8013,0.16
8023,0.21
8025,0.11
8028,0.04
8031,0.71
8034,0.07
8035,0
8040,0.14
8055,0.01
8058,0.12
8061,0.14
8067,0.04
8072,0.22
8076,0.32
8079,0.27
8087,0.14
8091,0.77
8094,0.92
8096,0.18
8097,0.02
8100,0.05
8103,0.09
8105,0.74
8111,0.91
8115,0.95
8117,0.14
8122,0.07
8123,0.03
8124,0.04
8126,0.04
8127,0.33
8137,0.07
8147,0.11
8152,0.15
8154,0.09
8159,0
8161,0.25
8163,0.06
8166,0.18
8168,0.45
8173,0.44
8179,0.84
8180,0.06
8181,0.27
8182,0.24
8199,0.04
8204,0.44
8206,0.05
8210,0.07
8212,0.04
8216,0.35
8220,0.11
8221,0.1
8222,0.82
8226,0.66
8238,0.23
8241,0.31
8245,0.01
8246,0.2
8247,0.3
8250,0.13
8253,0.1
8261,0.22
8267,0.19
8269,0.15
8272,0.19
8276,0.52
8277,0.14
8279,0.37
8282,0.13
8284,0.64
8287,0.01
8302,0.73
8310,0.19
8316,0.08
8318,0.14
8325,0.15
8331,0.25
8334,0.12
8335,0.02
8336,0.75
8339,0.11
8341,0.73
8343,0.02
8345,0.05
8355,0.12
8363,0.5
8366,0.08
8368,0.02
8369,0.75
8376,0.17
8379,0.33
8384,0.31
8391,0.91
8397,0.08
8398,0.43
8399,0.13
8402,0.53
8403,0.14
8408,0.84
8409,0.18
8413,0.1
8414,0.4
8422,0.17
8423,0.1
8424,0.28
8426,0.68
8428,0.04
8433,0.07
8434,0.09
8439,0.35
8453,0.48
8461,0.06
8477,0.13
8482,0.14
8483,0.32
8487,0.2
8488,0.47
8493,0.61
8507,0.73
8509,0.12
8510,0.25
8514,0.03
8515,0.42
8516,0.06
8528,0.8
8529,0.75
8531,0.05
8540,0.26
8541,0.01
8551,0.03
8555,0.13
8559,0.03
8566,0.15
8583,0.88
8586,0.18
8590,0.23
8592,0.66
8593,0.71
8594,0.17
8595,0.23
8596,0.38
8597,0.1
8608,0.84
8612,0.87
8613,0.32
8628,0.36
8640,0.13
8645,0.14
8646,0.03
8647,0.13
8653,0.12
8662,0.3
8668,0.18
8680,0.26
8687,0.26
8690,0.29
8693,0.07
8695,0.06
8702,0.18
8704,0.03
8710,0.03
8715,0.34
8722,0.06
8723,0.11
8727,0.17
8728,0.48
8730,0.3
8738,0.21
8746,0.12
8748,0.19
8752,0.07
8757,0.18
8763,0.09
8766,0.74
8779,0.13
8783,0
8785,0.08
8790,0.05
8799,0.11
8807,0.25
8808,0.19
8821,0.3
8829,0.44
8834,0.6
8835,0.21
8838,0.11
8840,0.18
8844,0.46
8850,0.72
8853,0.2
8859,0.05
8863,0.09
8865,0.16
8867,0.08
8880,0.05
8881,0.32
8882,0.24
8883,0.08
8884,0.37
8889,0.13
8890,0.15
8891,0.05
8893,0.27
8904,0.17
8905,0.06
8913,0.1
8923,0.06
8926,0.69
8931,0.13
8934,0.04
8943,0.11
8953,0.16
8963,0.22
8964,0.08
8967,0.86
8972,0.52
8973,0.51
8981,0.21
8985,0.31
8988,0.21
8994,0.05
9001,0.1
9004,0.57
9009,0.14
9015,0.62
9016,0.83
9019,0.17
9020,0.74
9022,0.13
9031,0.82
9032,0.39
9038,0.31
9041,0.65
9046,0.65
9047,0.1
9055,0.06
9059,0.18
9060,0.57
9063,0.9
9064,0.34
9068,0.15
9078,0.16
9079,0.38
9085,0.85
9086,0.18
9087,0.04
9088,0.21
9102,0.19
9121,0.06
9124,0.79
9126,0.29
9129,0.35
9131,0.68
9132,0.02
9134,0.19
9143,0.7
9150,0.23
9155,0.05
9159,0.61
9164,0.22
9169,0.83
9172,0.42
9174,0.41
9175,0.48
9180,0.54
9185,0.87
9191,0.91
9194,0.58
9195,0.53
9205,0.01
9206,0.12
9207,0.23
9208,0.12
9211,0.28
9213,0.62
9214,0.1
9217,0.05
9221,0.16
9226,0.12
9227,0.16
9236,0.86
9246,0.1
9255,0.11
9261,0.88
9264,0.08
9290,0.24
9294,0.11
9304,0.04
9314,0.19
9316,0.06
9321,0.12
9327,0.03
9330,0.17
9333,0.26
9334,0.06
9341,0.74
9343,0.1
9347,0.2
9358,0.18
9361,0.14
9363,0.03
9364,0.05
9365,0.07
9368,0.27
9375,0.14
9376,0.21
9378,0.28
9385,0.68
9386,0.79
9391,0.1
9395,0.02
9407,0.24
9408,0.11
9409,0.32
9411,0.13
9412,0.29
9415,0
9420,0.75
9421,0.12
9429,0.52
9443,0.09
9452,0.84
9454,0.21
9460,0.18
9461,0.2
9463,0.79
9467,0.1
9472,0.05
9473,0.62
9474,0.22
9481,0.11
9482,0.2
9485,0.11
9486,0.34
9488,0.03
9496,0.25
9497,0.09
9499,0.16
9508,0.31
9513,0.18
9516,0.06
9521,0.28
9522,0.72
9529,0.03
9531,0.09
9534,0.4
9537,0.02
9539,0.11
9546,0.07
9551,0.48
9560,0.23
9562,0.77
9565,0.15
9570,0.28
9571,0.55
9579,0.05
9581,0.91
9582,0.06
9589,0.19
9601,0.34
9603,0.01
9606,0.2
9607,0.12
9611,0.11
9615,0.1
9619,0.16
9623,0.21
9625,0.27
9628,0.09
9632,0.19
9636,0.22
9639,0.34
9643,0.46
9645,0.02
9653,0.13
9654,0.19
9667,0.04
9678,0.07
9680,0.11
9687,0.09
9696,0.14
9698,0.03
9703,0.17
9705,0.24
9709,0.2
9711,0.21
9714,0.2
9716,0.34
9718,0.19
9720,0.24
9725,0.21
9727,0.21
9730,0.01
9742,0.04
9744,0.22
9749,0.28
9750,0.44
9757,0.27
9761,0.07
9767,0.19
9781,0.12
9783,0.17
9786,0.46
9787,0.01
9788,0.74
9790,0.15
9791,0.47
9799,0.28
9802,0.05
9804,0.33
9808,0.13
9811,0.06
9814,0.45
9820,0.59
9821,0.64
9827,0.08
9832,0.83
9836,0.05
9837,0.24
9840,0.22
9841,0.19
9845,0.03
9847,0.02
9848,0.11
9850,0.17
9853,0.06
9856,0.31
9858,0.64
9861,0.05
9866,0.09
9868,0.26
9874,0.18
9879,0.21
9881,0.58
9884,0.07
9886,0.06
9893,0.35
9898,0.17
9901,0.4
9902,0.77
9910,0.66
9921,0.48
9923,0.62
9924,0.34
9935,0.15
9943,0.34
9952,0.18
9954,0.8
9963,0.74
9974,0.07
9976,0.15
9978,0.17
9982,0.14
9986,0.08
9988,0.14
9989,0.1
9992,0.43
9993,0.7
9995,0.1
10003,0.34
10004,0.23
10011,0.2
10022,0.13
10024,0.62
10030,0.01
10032,0.2
10034,0.02
10042,0.14
10044,0.19
10061,0.44
10068,0.28
10070,0.76
10077,0.18
10078,0.05
10085,0.03
10088,0.18
10089,0.37
10091,0.05
10093,0.21
10095,0.08
10097,0.31
10104,0.28
10114,0.17
10117,0.26
10122,0.88
10128,0.12
10130,0.12
10138,0.11
10148,0.28
10150,0.02
10152,0.84
10160,0.4
10161,0.15
10163,0.52
10164,0.35
10170,0.36
10176,0.31
10179,0.15
10182,0.13
10188,0.07
10193,0.4
10196,0.09
10197,0.72
10206,0.09
10211,0.18
10213,0.63
10217,0.57
10221,0.21
10224,0.19
10225,0.79
10228,0.12
10231,0.62
10238,0.31
10240,0.15
10241,0.45
10242,0.84
10243,0.23
10246,0.36
10247,0.03
10248,0.11
10256,0.16
10258,0.09
10264,0.39
10266,0.23
10268,0.11
10272,0.11
10275,0.25
10278,0.2
10281,0.07
10282,0.47
10287,0.05
10288,0.23
10292,0.05
10313,0.08
10316,0.23
10318,0.31
10321,0.76
10330,0.76
10332,0.11
10333,0.11
10336,0.02
10337,0.2
10338,0.88
10343,0.28
10346,0.12
10358,0.08
10362,0.35
10377,0.17
10379,0.24
10386,0.12
10387,0.37
10388,0.1
10390,0.7
10391,0.87
10406,0.59
10416,0.09
10417,0.05
10419,0.56
10433,0.18
10434,0.23
10435,0.22
10441,0.11
10448,0.59
10449,0.03
10450,0.15
10451,0.07
10459,0.52
10460,0.67
10462,0.22
10466,0.14
10478,0.43
10480,0.39
10481,0.39
10484,0.2
10488,0.09
10490,0.19
10498,0.85
10501,0.07
10519,0.06
10520,0.13
10522,0.81
10525,0.92
10532,0.04
10535,0.03
10536,0.89
10539,0.89
10547,0.88
10549,0.05
10558,0.33
10563,0.04
10568,0.09
10575,0.85
10582,0.08
10583,0.71
10585,0.73
10589,0.09
10591,0.3
10601,0.45
10607,0.65
10609,0.3
10613,0.15
10614,0.12
10622,0.06
10623,0.15
10627,0.06
10634,0.16
10635,0.05
10638,0.02
10647,0.12
10650,0
10656,0.2
10663,0.93
10667,0.87
10670,0.41
10671,0.06
10672,0.2
10680,0
10693,0.05
10695,0.09
10696,0.82
10699,0.05
10710,0.38
10711,0.57
10713,0.19
10714,0.17
10725,0.09
10736,0.12
10737,0.17
10739,0.28
10741,0.3
10742,0.44
10756,0.37
10763,0.08
10765,0.43
10770,0.14
10775,0.09
10778,0.42
10782,0.02
10783,0.55
10789,0.22
10792,0.1
10795,0.57
10801,0.29
10809,0.03
10811,0.02
10825,0.18
10827,0.09
10835,0.09
10840,0.13
10843,0.87
10847,0.22
10851,0.08
10862,0.84
10863,0.06
10864,0.24
10868,0.28
10870,0.17
10873,0.17
10877,0.26
10878,0.72
10880,0.03
10897,0.1
10900,0.74
10915,0.44
10924,0.07
10929,0.13
10930,0.08
10932,0.09
10935,0.83
10939,0.3
10945,0.52
10958,0.08
10965,0.08
10966,0.09
10970,0.04
10974,0.02
10978,0.65
10984,0.07
10990,0.65
10992,0.37
10995,0.22
11001,0.82
11013,0.23
11015,0.34
11016,0.07
11018,0.16
11019,0.04
11025,0.81
11029,0.11
11033,0.68
11034,0.38
11035,0.68
11036,0.13
11041,0.34
11042,0.24
11045,0.23
11047,0.19
11048,0.22
11051,0.08
11055,0.19
11056,0.08
11062,0.17
11066,0.08
11075,0.93
11079,0.74
11081,0.21
11082,0.06
11083,0.08
11086,0.02
11090,0.02
11100,0.04
11102,0.25
11110,0.19
11111,0.29
11118,0.12
11127,0.33
11130,0.09
11131,0.33
11140,0.07
11152,0.64
11157,0.11
11159,0.01
11164,0.14
11165,0.13
11173,0.21
11175,0.23
11177,0.11
11179,0.02
11188,0.19
11192,0.22
11193,0.03
11195,0.37
11197,0.76
11200,0.23
11204,0.08
11207,0.68
11213,0.84
11215,0.14
11226,0.34
11228,0.16
11232,0.14
11234,0.9
11245,0.3
11249,0.17
11250,0.18
11251,0.05
11254,0.02
11257,0.29
11271,0.84
11281,0.36
11283,0.36
11284,0.41
11285,0.02
11287,0.17
11291,0.12
11296,0.9
11303,0.31
11306,0.09
11316,0.08
11321,0.17
11323,0.4
11324,0.64
11360,0.79
11364,0.1
11366,0.09
11369,0.54
11370,0.23
11376,0.1
11377,0.12
11386,0.2
11392,0.2
11396,0.18
11404,0.68
11405,0.63
11407,0.04
11410,0.04
11413,0.15
11416,0.19
11419,0.11
11431,0.39
11434,0.09
11438,0.04
11440,0.08
11442,0.36
11444,0.36
11446,0.08
11447,0.24
11451,0.39
11453,0.16
11454,0.27
11455,0.15
11460,0.07
11462,0.08
11465,0.87
11466,0.1
11468,0.16
11470,0.16
11486,0.61
11489,0.08
11490,0.25
11491,0.03
11499,0.18
11514,0.03
11515,0.07
11521,0.08
11523,0.14
11532,0.09
11534,0.43
11538,0.13
11541,0.15
11543,0.12
11546,0.04
11554,0.06
11555,0.74
11566,0.05
11569,0.08
11571,0.03
11574,0.24
11577,0.28
11580,0.06
11586,0.93
11587,0.13
11589,0.08
11590,0.37
11593,0.13
11596,0.11
11598,0.15
11608,0.07
11621,0.07
11622,0.19
11625,0.04
11628,0.27
11629,0.21
11631,0.06
11634,0.23
11635,0.07
11641,0.92
11647,0.01
11657,0.04
11659,0.68
11661,0.77
11666,0.08
11671,0.08
11674,0.84
11676,0.04
11679,0.05
11687,0.1
11694,0.09
11707,0.11
11709,0.65
11710,0.15
11716,0.18
11732,0.26
11737,0.1
11746,0.15
11760,0.47
11765,0.22
11768,0.1
11775,0.06
11776,0.53
11783,0.07
11784,0.19
11794,0.59
11795,0.48
11799,0.05
11806,0.1
11810,0.11
11813,0.27
11815,0.25
11817,0.03
11819,0.62
11823,0.2
11827,0.57
11836,0.05
11839,0.03
11841,0.14
11845,0.75
11846,0.21
11847,0.13
11849,0.19
11850,0.22
11851,0.77
11865,0.06
11866,0.21
11872,0.08
11874,0.85
11877,0.05
11882,0.07
11890,0.11
11895,0.13
11898,0.43
11902,0.47
11904,0.02
11919,0.15
11935,0.3
11946,0.07
11947,0.18
11948,0.16
11949,0.08
11950,0.34
11953,0.1
11955,0.03
11958,0.29
11961,0.07
11979,0.03
11984,0.38
11987,0.02
11990,0.72
11991,0.66
12002,0.07
12006,0.6
12010,0
12016,0.39
12020,0.1
12023,0.19
12024,0.02
12035,0.02
12037,0.17
12039,0.02
12044,0.67
12052,0.37
12057,0.38
12058,0.15
12065,0.63
12066,0.32
12068,0.51
12070,0.23
12076,0.11
12077,0.16
12079,0.73
12089,0.03
12093,0.09
12099,0.68
12102,0.16
12104,0.09
12107,0.25
12110,0.03
12114,0.12
12121,0.57
12127,0.04
12128,0.02
12134,0.01
12135,0.07
12136,0.13
12137,0.03
12138,0.06
12147,0.12
12148,0.85
12152,0.15
12157,0.86
12160,0.71
12168,0.07
12175,0.35
12180,0.06
12181,0.05
12182,0.11
12189,0.05
12190,0.15
12193,0.22
12202,0.65
12203,0.37
12204,0.09
12206,0.21
12208,0.16
12212,0.04
12213,0.21
12221,0.11
12230,0.01
12231,0.19
12234,0.04
12241,0.05
12242,0.08
12250,0.13
12266,0.92
12269,0.63
12270,0.02
12277,0.06
12280,0.67
12284,0.17
12287,0.79
12288,0.17
12294,0.13
12296,0.07
12310,0.13
12318,0.04
12319,0.93
12320,0.21
12325,0.17
12329,0.06
12332,0.14
12333,0.22
12349,0.1
12352,0.2
12358,0.06
12359,0.03
12374,0.1
12379,0.26
12390,0.1
12392,0.88
12394,0.23
12396,0.85
12401,0.62
12404,0.2
12421,0.05
12423,0.21
12429,0.09
12431,0.4
12440,0.14
12445,0.23
12448,0.87
12453,0.33
12454,0.17
12471,0.56
12479,0.56
12486,0.18
12488,0.15
12490,0.11
12491,0.24
12492,0.2
12493,0.11
12496,0.37
12501,0.28
12503,0.4
12509,0.21
12530,0.03
12532,0.19
12534,0.26
12535,0
12536,0.27
12544,0.89
12546,0.18
12547,0.71
12556,0.02
12557,0.62
12558,0
12559,0.17
12566,0.43
12577,0.91
12578,0.11
12579,0.03
12583,0.37
12585,0.13
12588,0.44
12592,0.06
12594,0.46
12596,0.3
12598,0.22
12601,0.48
12612,0.13
12615,0.12
12618,0.17
12626,0.02
12628,0.2
12632,0.24
12644,0.06
12650,0.16
12662,0.83
12666,0.28
12667,0.01
12672,0.21
12674,0.64
12676,0.35
12679,0.65
12682,0.12
12687,0.01
12691,0.13
12699,0.27
12700,0.21
12702,0.24
12710,0.03
12713,0.08
12722,0.39
12724,0.5
12739,0.02
12740,0.2
12745,0.05
12749,0.06
12754,0.14
12756,0.1
12757,0.05
12764,0.07
12775,0.7
12778,0.06
12784,0.11
12790,0
12801,0.16
12803,0.43
12809,0.33
12830,0.13
12833,0.74
12835,0.4
12836,0.36
12845,0.12
12848,0.02
12851,0.12
12854,0.14
12858,0.33
12862,0.28
12863,0.02
12873,0.09
12874,0.07
12878,0.39
12879,0.11
12883,0.03
12897,0.17
12898,0.94
12899,0.49
12904,0.64
12905,0.83
12915,0.3
12923,0.88
12925,0.44
12930,0.05
12935,0.11
12946,0.37
12955,0.05
12961,0.1
12970,0.07
12974,0.11
12978,0.03
12980,0.04
12981,0.02
12986,0.17
12987,0.87
12993,0.93
12994,0.32
13006,0.66
13010,0.08
13012,0.84
13013,0.52
13023,0.26
13031,0.12
13044,0.16
13048,0.11
13056,0.44
13067,0.5
13071,0.2
13073,0.61
13077,0.13
13080,0.73
13083,0.15
13084,0.88
13089,0.1
13097,0.28
13100,0.69
13108,0.05
13121,0.06
13128,0.17
13150,0.1
13154,0.72
13160,0.84
13164,0.48
13175,0.08
13176,0.17
13180,0.39
13182,0.14
13186,0.14
13191,0.12
13194,0.69
13201,0.35
13205,0.1
13206,0.16
13217,0.5
13222,0.41
13226,0.08
13228,0.13
13233,0.28
13234,0.06
13237,0.07
13238,0.17
13244,0.15
13248,0.36
13252,0.71
13259,0.52
13260,0.07
13264,0.1
13265,0.2
13267,0.31
13277,0.74
13279,0.55
13282,0.2
13284,0.07
13286,0.04
13288,0.33
13289,0.76
13290,0.91
13293,0.34
13296,0.06
13298,0.22
13300,0.13
13304,0.04
13308,0.5
13310,0
13313,0.07
13335,0.16
13338,0.45
13341,0.6
13348,0.17
13351,0.22
13353,0.12
13354,0.07
13356,0.19
13359,0.09
13360,0.09
13364,0.09
13374,0.1
13380,0.77
13384,0.66
13391,0.69
13397,0.04
13398,0.08
13404,0.1
13420,0.22
13421,0.02
13423,0.12
13424,0.2
13430,0.31
13432,0.34
13435,0.12
13439,0.4
13446,0.11
13452,0.11
13455,0.2
13458,0.21
13463,0.06
13467,0.36
13469,0.76
13472,0.72
13473,0.18
13478,0.1
13489,0.74
13499,0.82
13500,0.07
13505,0.18
13508,0.21
13515,0.18
13516,0.41
13522,0
13530,0.49
13536,0.82
13545,0.27
13555,0.17
13564,0.37
13567,0.18
13574,0.12
13576,0.75
13578,0.35
13581,0.21
13583,0.07
13589,0.84
13590,0.7
13591,0.27
13596,0.07
13601,0.24
13602,0.53
13603,0.25
13604,0.05
13608,0.11
13615,0.08
13620,0.35
13625,0.23
13627,0.14
13634,0.43
13640,0.95
13642,0.14
13643,0.02
13646,0.04
13652,0.19
13655,0.1
13656,0.83
13657,0.21
13660,0.1
13663,0.11
13667,0.12
13677,0.8
13678,0.05
13679,0.01
13681,0.57
13684,0.17
13687,0.32
13691,0.77
13696,0.32
13698,0.14
13699,0.07
13703,0.13
13704,0.09
13710,0.16
13714,0.24
13716,0.19
13718,0.83
13721,0.71
13727,0.17
13729,0.1
13738,0.07
13739,0.58
13744,0.98
13748,0.08
13755,0.22
13768,0.24
13770,0.22
13771,0.13
13785,0.14
13787,0.04
13789,0.05
13794,0.07
13801,0.5
13803,0.25
13817,0.31
13818,0.08
13819,0.04
13820,0.24
13827,0.12
13847,0.15
13856,0.06
13862,0.27
13866,0.1
13873,0.7
13875,0.1
13879,0.28
13881,0.15
13884,0.22
13889,0.02
13899,0.08
13901,0.13
13904,0.12
13908,0.22
13911,0.06
13913,0.03
13916,0.23
13920,0.26
13924,0.13
13927,0.24
13930,0.03
13933,0.59
13941,0.25
13942,0.28
13944,0.48
13947,0.31
13950,0.37
13955,0.1
13959,0.05
13964,0.26
13970,0.11
13983,0.06
13987,0.03
13990,0.06
13993,0.44
13994,0.04
13998,0.69
14000,0.07
14004,0.09
14010,0.25
14021,0.09
14022,0.01
14023,0.62
14025,0.53
14026,0.11
14028,0.24
14031,0.12
14033,0.27
14036,0.85
14037,0.51
14040,0.64
14044,0.2
14049,0.36
14065,0.1
14075,0.63
14082,0.88
14084,0.02
14086,0.24
14088,0.12
14093,0.11
14096,0.05
14103,0.07
14105,0.27
14114,0.67
14116,0.37
14119,0
14126,0.04
14130,0.19
14138,0.23
14146,0.02
14147,0.24
14148,0.77
14149,0.23
14150,0.19
14159,0.28
14163,0.16
14164,0.46
14174,0.33
14177,0.68
14183,0
14186,0.1
14195,0.24
14199,0.11
14205,0.34
14218,0.08
14219,0.29
14232,0.62
14234,0.22
14239,0.09
14246,0.02
14248,0.07
14253,0.14
14255,0.18
14256,0.02
14257,0.14
14264,0.1
14272,0.04
14276,0.13
14280,0.17
14285,0.11
14289,0.82
14291,0.12
14294,0.11
14296,0.42
14297,0.23
14301,0.15
14315,0.87
14318,0.04
14323,0.16
14325,0.13
14329,0.39
14331,0.79
14340,0.24
14341,0.73
14346,0.59
14350,0.37
14351,0.2
14363,0.13
14366,0.92
14373,0.1
14375,0.18
14396,0.04
14398,0.75
14409,0.38
14410,0.14
14413,0.25
14420,0.15
14423,0.07
14426,0.07
14429,0.44
14430,0.11
14433,0.08
14439,0.32
14452,0.62
14453,0.06
14454,0.43
14455,0.15
14460,0.03
14463,0.21
14473,0.08
14476,0.04
14501,0.15
14506,0.64
14522,0.45
14527,0.18
14536,0.19
14541,0.06
14546,0.1
14555,0.12
14564,0.4
14566,0.08
14568,0.08
14569,0.12
14572,0.62
14573,0.06
14577,0.5
14583,0.01
14584,0.7
14590,0.14
14592,0.79
14596,0.34
14597,0.52
14614,0.16
14618,0.13
14619,0.05
14622,0.04
14625,0.25
14631,0.64
14651,0.47
14654,0.35
14656,0.62
14657,0.03
14661,0.23
14662,0.77
14663,0.04
14666,0.17
14671,0.1
14679,0.3
14681,0.15
14684,0.06
14698,0.73
14706,0.32
14707,0.52
14722,0.02
14741,0.18
14747,0.14
14749,0.11
14765,0.09
14769,0.25
14770,0.14
14773,0.19
14779,0.68
14781,0.47
14785,0.15
14788,0.08
14792,0.71
14795,0.01
14806,0.66
14809,0.11
14811,0.38
14812,0.4
14820,0.47
14823,0.27
14824,0.03
14825,0.79
14827,0.25
14830,0.86
14835,0.07
14836,0.14
14838,0.1
14843,0.47
14857,0.22
14858,0.15
14860,0.19
14861,0.8
14867,0.09
14868,0.41
14883,0.3
14893,0.14
14895,0.05
14903,0.04
14904,0.07
14905,0.1
14909,0.51
14917,0.11
14919,0.07
14927,0.06
14936,0.09
14937,0.22
14945,0.19
14948,0.15
14950,0.05
14953,0.19
14957,0.01
14968,0.3
14971,0.22
14978,0.02
14981,0.47
14985,0.09
14986,0.54
14991,0.24
15000,0.17
15002,0.19
15003,0.93
15011,0.01
15016,0.05
15020,0.25
15023,0.11
15024,0.06
15027,0.09
15030,0.06
15034,0.79
15037,0.14
15038,0.15
15039,0.2
15045,0.05
15051,0.06
15059,0.05
15071,0.29
15073,0.33
15075,0.05
15078,0.16
15085,0.11
15087,0.85
15089,0.57
15093,0.06
15096,0.1
15097,0.1
15099,0.39
15100,0.04
15101,0.8
15109,0.11
15116,0.68
15117,0.13
15123,0.1
15132,0.36
15138,0.35
15139,0.96
15142,0.22
15146,0.28
15147,0.87
15148,0.16
15149,0.25
15150,0.38
15153,0.25
15165,0.13
15169,0.28
15174,0.37
15190,0.22
15191,0.6
15195,0.15
15199,0.73
15204,0.22
15209,0.03
15210,0.32
15212,0.04
15213,0.35
15214,0.19
15215,0.07
15219,0.42
15225,0.34
15228,0.01
15241,0.11
15247,0.01
15248,0.06
15250,0.18
15252,0.76
15254,0.03
15255,0.04
15256,0.16
15262,0.07
15264,0.07
15268,0.44
15269,0.08
15270,0.18
15275,0.25
15276,0.2
15278,0.02
15288,0.57
15289,0.06
15291,0.08
15293,0.3
15296,0.24
15297,0.3
15299,0.24
15304,0.12
15319,0.13
15325,0.26
15327,0.13
15333,0.02
15335,0.05
15337,0.4
15338,0.24
15341,0.21
15342,0.03
15356,0.14
15357,0.32
15360,0.16
15380,0.07
15391,0.23
15392,0.02
15398,0.88
15408,0.04
15409,0.22
15413,0.14
15416,0.29
15417,0.18
15419,0.27
15420,0.55
15424,0.22
15431,0.11
15434,0.02
15436,0.08
15440,0.2
15441,0.66
15443,0.08
15453,0.74
15464,0.09
15473,0.08
15476,0.45
15487,0.17
15489,0.11
15491,0.3
15497,0.08
15503,0.27
15509,0.26
15512,0.46
15513,0.9
15514,0.11
15516,0.11
15518,0.75
15519,0.17
15523,0.32
15524,0.06
15528,0.13
15534,0.11
15536,0.13
15541,0.08
15551,0.7
15556,0.76
15557,0.19
15559,0.79
15560,0.17
15562,0.12
15564,0.78
15566,0.31
15577,0.09
15582,0.14
15584,0.54
15590,0.49
15596,0.07
15597,0.87
15601,0.16
15604,0.37
15609,0.15
15615,0.75
15616,0.94
15623,0.04
15626,0.21
15628,0.07
15630,0.32
15633,0.21
15637,0.05
15639,0.37
15643,0.13
15649,0.11
15651,0.08
15656,0.11
15663,0.09
15664,0.43
15665,0.42
15673,0.45
15677,0.04
15678,0.63
15687,0.08
15688,0.13
15689,0.04
15692,0.21
15699,0.07
15702,0.3
15703,0.15
15705,0.54
15708,0.08
15710,0.03
15713,0.22
15719,0.67
15726,0.19
15728,0.34
15730,0.08
15734,0.07
15736,0.3
15744,0.23
15745,0.49
15753,0.48
15764,0.71
15768,0.26
15780,0.13
15781,0.1
15786,0.19
15787,0.12
15789,0.39
15790,0.07
15791,0.16
15795,0.62
15796,0.16
15798,0.06
15816,0.22
15820,0.11
15822,0.16
15824,0.72
15825,0.46
15826,0.08
15829,0.06
15831,0.85
15843,0.79
15851,0.42
15854,0.72
15855,0.31
15858,0.04
15865,0.26
15872,0.83
15878,0.55
15885,0.17
15887,0.24
15906,0.06
15914,0.3
15916,0.28
15922,0.17
15930,0.56
15932,0.18
15936,0.45
15939,0.08
15945,0.13
15950,0.75
15965,0.91
15976,0.38
15977,0.42
15983,0.21
15989,0.17
16010,0.08
16013,0.18
16015,0.43
16017,0.8
16027,0.7
16030,0.18
16031,0.05
16036,0.13
16039,0.62
16042,0.03
16047,0.28
16059,0.12
16060,0.12
16061,0.16
16062,0.14
16064,0.2
16066,0.06
16069,0.21
16074,0.12
16077,0.23
16081,0.11
16082,0.06
16086,0.45
16087,0.1
16089,0.09
16090,0.77
16097,0.26
16099,0.83
16102,0.04
16105,0.01
16115,0.08
16116,0.2
16118,0.15
16119,0.16
16121,0.14
16123,0.05
16126,0.69
16127,0.77
16129,0.26
16134,0.08
16136,0.16
16142,0.72
16148,0.07
16149,0.15
16151,0.02
16161,0.11
16164,0.08
16166,0.2
16170,0.11
16171,0.38
16176,0.05
16181,0.02
16185,0.07
16192,0.86
16194,0.11
16198,0.11
16201,0.17
16204,0.11
16211,0.18
16212,0.59
16219,0.08
16227,0.88
16230,0.13
16231,0.13
16232,0.19
16233,0.04
16239,0.24
16245,0.04
16247,0.35
16249,0.11
16251,0.13
16252,0.42
16253,0.02
16255,0.12
16256,0.2
16258,0.4
16259,0.1
16265,0.49
16268,0.05
16276,0.04
16283,0.12
16284,0.15
16287,0.7
16299,0.08
16301,0.04
16307,0.14
16312,0.23
16314,0.19
16316,0.56
16317,0.01
16328,0.28
16329,0.05
16342,0.25
16351,0.8
16364,0.25
16373,0.25
16374,0.05
16375,0.85
16380,0.45
16383,0.46
16388,0.01
16389,0.17
16391,0.07
16395,0.15
16396,0.04
16401,0.81
16414,0.12
16418,0.15
16419,0.02
16429,0.22
16430,0.08
16438,0.43
16440,0.57
16444,0.25
16445,0.33
16446,0.07
16449,0.15
16451,0.14
16455,0.93
16457,0.9
16458,0.15
16462,0.87
16464,0.69
16465,0.74
16466,0.69
16468,0.28
16477,0.65
16482,0.2
16494,0.17
16501,0.18
16508,0.85
16509,0.38
16511,0.42
16512,0.84
16519,0.21
16533,0.13
16546,0.08
16547,0.11
16548,0.08
16552,0.42
16553,0.12
16556,0.27
16558,0.15
16562,0.68
16563,0.21
16564,0.14
16567,0.28
16575,0.5
16578,0.25
16581,0.23
16588,0.17
16589,0.06
16595,0.19
16603,0.63
16605,0.1
16606,0.41
16608,0.68
16610,0.12
16613,0.69
16614,0.35
16615,0.07
16624,0.34
16629,0.02
16631,0.31
16633,0.13
16634,0.66
16638,0.21
16643,0.4
16645,0.4
16646,0.15
16651,0.29
16656,0.14
16659,0.02
16660,0.08
16663,0.56
16669,0.06
16672,0.16
16675,0.23
16684,0.92
16692,0.07
16693,0.05
16694,0.68
16706,0.05
16713,0.15
16725,0
16727,0.27
16729,0.29
16737,0.05
16739,0.51
16744,0.59
16745,0.04
16751,0.11
16753,0.05
16759,0.04
16766,0.07
16768,0.36
16769,0.52
16770,0.22
16772,0.91
16781,0.19
16788,0.2
16792,0.33
16801,0.15
16803,0.08
16805,0.21
16810,0.09
16812,0.17
16814,0.17
16819,0.05
16824,0.16
16827,0.22
16830,0.05
16833,0.76
16837,0.06
16839,0.92
16841,0.09
16842,0.32
16849,0.14
16852,0.11
16853,0.03
16858,0.13
16860,0.15
16865,0.35
16866,0.16
16867,0.25
16869,0.06
16874,0.46
16882,0.14
16883,0.06
16885,0.11
16887,0.01
16902,0.05
16904,0.26
16908,0.11
16910,0.12
16926,0.87
16943,0.46
16945,0.07
16950,0.87
16952,0.05
16955,0.35
16959,0.69
16962,0.82
16964,0.94
16967,0.04
16971,0.8
16973,0.56
16976,0.33
16979,0.1
16981,0.25
16982,0.13
16991,0.13
16995,0.64
16996,0.83
17005,0.77
17007,0.59
17009,0.79
17018,0.46
17024,0.12
17027,0.36
17028,0.23
17031,0.43
17035,0.12
17045,0.41
17052,0.67
17055,0.25
17057,0.13
17059,0.01
17062,0.79
17063,0.11
17066,0.1
17068,0.12
17072,0.1
17076,0.16
17078,0.46
17079,0.08
17084,0.47
17094,0.31
17104,0.53
17105,0.83
17109,0.02
17110,0.23
17112,0.46
17118,0.1
17130,0.76
17132,0.05
17133,0.33
17135,0.88
17137,0.36
17142,0.25
17147,0.33
17149,0.71
17151,0.09
17153,0.06
17156,0.91
17158,0.18
17162,0.03
17165,0.47
17166,0.11
17168,0.26
17169,0.29
17170,0.06
17172,0.25
17173,0.83
17174,0.19
17175,0.48
17176,0.1
17186,0.84
17187,0.01
17188,0.05
17189,0.33
17198,0.17
17202,0.38
17205,0.18
17206,0.01
17207,0.21
17209,0.64
17215,0.09
17216,0.13
17218,0.37
17219,0.43
17222,0.04
17223,0.88
17227,0.19
17229,0.04
17234,0.15
17241,0.39
17249,0.81
17250,0.12
17254,0.16
17255,0.81
17258,0.11
17259,0.6
17263,0.16
17266,0.57
17269,0.47
17271,0
17275,0.13
17276,0.09
17282,0.16
17283,0.1
17284,0.23
17288,0.08
17289,0.02
17290,0.28
17301,0.04
17303,0.09
17305,0.61
17314,0.04
17319,0.85
17325,0.74
17329,0.2
17331,0.22
17335,0.43
17338,0.13
17342,0.13
17343,0.15
17363,0.11
17366,0.11
17373,0.08
17375,0.53
17382,0.08
17387,0.45
17388,0.13
17389,0.58
17390,0.05
17392,0.02
17397,0.08
17402,0.46
17407,0.04
17408,0.18
17416,0.82
17422,0.1
17423,0.1
17428,0.06
17429,0.09
17433,0.19
17435,0.17
17441,0.12
17446,0.68
17451,0.07
17454,0.1
17456,0.13
17458,0.13
17460,0.05
17463,0.09
17465,0.01
17466,0
17474,0.36
17479,0.19
17481,0.03
17483,0.77
17487,0.13
17491,0.15
17493,0.04
17498,0.15
17504,0.05
17506,0.02
17511,0.14
17517,0.89
17519,0.25
17520,0.38
17525,0.33
17526,0.58
17527,0.48
17541,0.49
17546,0.08
17548,0.85
17555,0.19
17563,0.34
17566,0.11
17574,0.11
17576,0.47
17584,0.04
17595,0.14
17601,0.21
17604,0.08
17606,0.08
17614,0.06
17618,0.03
17619,0.38
17623,0.55
17627,0.13
17628,0.18
17629,0.44
17632,0.08
17641,0.28
17645,0.23
17647,0.26
17651,0.38
17657,0.41
17661,0.13
17668,0.86
17671,0.12
17677,0.35
17681,0.05
17684,0.31
17687,0.05
17688,0.8
17690,0.3
17691,0.04
17693,0.66
17696,0.08
17698,0.64
17701,0.05
17705,0.09
17706,0.27
17714,0.46
17720,0.23
17721,0.17
17724,0.16
17725,0.75
17732,0.63
17735,0.7
17736,0.05
17738,0.29
17742,0.66
17743,0.11
17754,0.67
17756,0.86
17759,0.83
17760,0.52
17762,0.64
17764,0.86
17769,0.86
17772,0.8
17778,0.81
17784,0.15
17788,0.85
17789,0.84
17791,0.19
17801,0.05
17802,0.55
17816,0.16
17822,0.39
17825,0.13
17826,0.29
17830,0.06
17833,0.5
17835,0.1
17845,0.81
17848,0.05
17849,0.87
17860,0.87
17862,0.05
17864,0.72
17865,0.05
17869,0.79
17870,0.65
17874,0.2
17875,0.95
17877,0.08
17895,0.78
17896,0.24
17899,0.27
17905,0.59
17909,0.72
17915,0.13
17920,0.05
17933,0.08
17941,0.8
17947,0.22
17952,0.26
17954,0.17
17957,0.14
17959,0.1
17969,0.13
17972,0
17974,0.65
17977,0.09
17978,0.02
17982,0.02
17989,0.8
17995,0.12
18007,0.19
18015,0.16
18016,0.1
18020,0.81
18023,0.13
18026,0.17
18039,0.41
18042,0.35
18049,0.07
18050,0.27
18052,0.2
18059,0.5
18063,0.76
18064,0.09
18070,0.18
18071,0.47
18072,0.52
18073,0.71
18075,0.39
18086,0.75
18088,0.05
18090,0.09
18098,0.24
18108,0.2
18109,0.1
18112,0.43
18124,0.04
18125,0.01
18126,0.19
18136,0.95
18149,0.01
18150,0.27
18151,0.12
18157,0.23
18163,0.27
18164,0.1
18165,0.08
18167,0.14
18168,0.16
18170,0.77
18171,0.58
18177,0.86
18178,0.19
18181,0.15
18185,0.27
18193,0.73
18194,0.87
18210,0.23
18212,0.08
18220,0.14
18228,0.56
18232,0.21
18234,0.57
18236,0.33
18240,0.16
18241,0.82
18247,0.79
18248,0.2
18251,0.69
18253,0.34
18255,0.12
18256,0.85
18261,0.08
18262,0.19
18267,0.26
18273,0.58
18276,0.14
18281,0.4
18288,0.09
18290,0.34
18296,0.91
18301,0.26
18304,0.16
18309,0.25
18312,0.21
18314,0.07
18323,0.02
18324,0.41
18325,0.21
18326,0.37
18328,0.39
18338,0
18339,0.03
18340,0.15
18341,0.18
18342,0.22
18344,0.08
18349,0.07
18355,0.2
18357,0.03
18361,0.14
18365,0.17
18392,0.04
18399,0.14
18403,0.17
18406,0.07
18407,0.31
18408,0.09
18409,0.13
18411,0.34
18419,0.1
18422,0.11
18429,0.11
18435,0.14
18439,0.18
18443,0.13
18444,0.8
18448,0.14
18449,0.62
18466,0.08
18467,0.36
18472,0.1
18478,0.22
18486,0.21
18490,0.72
18498,0.27
18505,0.68
18512,0.05
18515,0.72
18519,0.8
18521,0.22
18526,0.1
18529,0.02
18530,0.71
18533,0.46
18534,0.08
18535,0.1
18539,0.14
18541,0.1
18544,0.28
18548,0.12
18553,0.14
18555,0.23
18557,0.04
18563,0.16
18566,0.11
18569,0.08
18571,0.07
18572,0.3
18577,0.55
18580,0.54
18586,0.2
18588,0.04
18591,0.08
18596,0.43
18598,0.16
18601,0.7
18602,0.15
18603,0.05
18610,0.86
18614,0.2
18615,0.82
18628,0.18
18630,0.05
18642,0.5
18646,0.94
18661,0.04
18665,0.86
18679,0.34
18680,0.26
18684,0.1
18689,0.12
18691,0.1
18695,0.67
18696,0.2
18698,0.06
18706,0.58
18707,0.38
18708,0.46
18709,0.07
18710,0.1
18714,0.01
18716,0.84
18723,0.06
18726,0.64
18737,0.37
18738,0.13
18743,0.06
18747,0.3
18750,0
18768,0.14
18772,0.28
18783,0.13
18785,0.05
18786,0.06
18789,0.01
18793,0.24
18794,0.51
18801,0.28
18808,0.21
18812,0.19
18815,0.25
18818,0.18
18822,0.69
18827,0.56
18831,0.19
18839,0.49
18849,0.26
18855,0.02
18860,0.22
18874,0.28
18878,0.08
18880,0.14
18888,0.4
18889,0.22
18891,0.13
18896,0.42
18898,0.05
18908,0.11
18911,0.71
18923,0.06
18926,0.55
18928,0.49
18934,0.05
18938,0.11
18939,0.13
18945,0.04
18952,0.68
18953,0.33
18964,0.16
18966,0.18
18969,0.08
18977,0.04
18979,0.08
18983,0.53
18985,0.11
18990,0.04
18991,0.15
18993,0.25
18996,0.18
18998,0.11
19002,0.24
19007,0.31
19010,0.02
19011,0.39
19014,0.07
19017,0.13
19022,0.66
19024,0.58
19030,0.49
19037,0.24
19048,0.14
19053,0.41
19066,0.61
19068,0.09
19073,0.05
19075,0.18
19079,0.1
19080,0.04
19083,0.16
19097,0.15
19100,0.17
19108,0.35
19113,0.23
19117,0.58
19126,0.07
19129,0.15
19132,0
19151,0.33
19153,0.13
19156,0.22
19165,0.09
19166,0.11
19175,0.2
19181,0.03
19183,0.06
19185,0
19186,0.11
19188,0.41
19190,0.25
19191,0.1
19197,0.13
19201,0.91
19205,0.06
19209,0.04
19211,0
19217,0.07
19219,0.05
19220,0.44
19221,0.78
19231,0.17
19233,0.21
19239,0.07
19240,0.1
19241,0.09
19244,0.19
19250,0.46
19252,0.11
19253,0.02
19255,0.25
19256,0.21
19258,0.01
19261,0.81
19267,0.33
19278,0.08
19282,0.03
19284,0.18
19287,0.27
19288,0.2
19297,0.15
19310,0.04
19322,0.27
19328,0.21
19329,0.58
19352,0.57
19362,0.1
19367,0.18
19370,0.1
19372,0.21
19374,0.01
19375,0.12
19380,0.05
19389,0.46
19393,0.17
19394,0.07
19407,0.25
19408,0.05
19409,0.24
19413,0.12
19423,0.71
19426,0.1
19433,0.05
19440,0.12
19441,0.35
19444,0.12
19447,0.18
19448,0.84
19450,0.33
19451,0.04
19453,0.75
19456,0.06
19457,0.41
19458,0.16
19459,0.05
19465,0.26
19471,0.34
19472,0.69
19474,0.23
19493,0.03
19494,0.11
19499,0.51
19503,0.19
19511,0.33
19512,0.05
19520,0.67
19525,0
19527,0.03
19544,0.11
19547,0.24
19551,0.2
19552,0.49
19558,0.09
19566,0.56
19575,0.05
19584,0.05
19593,0.05
19600,0.04
19606,0.1
19607,0.11
19613,0.07
19616,0.06
19620,0.17
19623,0.16
19627,0.08
19629,0.32
19633,0.08
19634,0.58
19635,0.12
19636,0.06
19640,0.7
19651,0.03
19662,0.35
19664,0.01
19668,0.48
19671,0.25
19674,0.04
19676,0.27
19677,0.14
19681,0.06
19683,0.04
19690,0.33
19693,0.19
19699,0.11
19721,0.71
19724,0.14
19729,0.13
19730,0.03
19732,0.02
19744,0.19
19746,0.28
19753,0.38
19757,0.05
19763,0.02
19764,0.14
19766,0.43
19767,0.08
19769,0.25
19775,0.06
19779,0.2
19781,0.08
19787,0.07
19789,0.19
19792,0.09
19794,0.21
19805,0.27
19809,0.07
19812,0.07
19819,0.21
19822,0.05
19829,0.05
19833,0.03
19850,0.03
19853,0.1
19855,0.19
19859,0.06
19868,0.28
19880,0.05
19884,0.07
19886,0.14
19887,0.18
19888,0.1
19889,0.23
19890,0.01
19891,0.17
19893,0.15
19895,0.3
19897,0.06
19905,0.06
19907,0.81
19908,0.18
19911,0.01
19912,0.25
19915,0.06
19925,0.04
19934,0.26
19937,0.22
19939,0.01
19941,0.16
19943,0.12
19944,0.15
19946,0.06
19950,0.15
19952,0.18
19964,0.15
19966,0
19968,0.08
19979,0.42
19984,0.15
19985,0.13
19987,0.05
19991,0.1
19993,0.13
19994,0.25
19996,0.13
19998,0.15
19999,0.13
20002,0.46
20005,0.08
20011,0.36
20013,0.1
20016,0.09
20022,0.53
20023,0.06
20029,0.32
20034,0.58
20037,0.19
20048,0.39
20050,0.33
20052,0.18
20062,0.02
20067,0.26
20072,0.04
20079,0.26
20088,0.07
20090,0.45
20097,0.03
20106,0.2
20108,0.04
20109,0.07
20111,0.27
20132,0.07
20139,0.35
20142,0.04
20149,0.81
20152,0.55
20153,0.13
20157,0.04
20163,0.02
20168,0.06
20171,0.15
20172,0.06
20177,0.17
20184,0.07
20190,0.11
20201,0.08
20205,0.56
20206,0.14
20212,0.11
20216,0.47
20231,0.63
20239,0.69
20241,0.22
20244,0.59
20248,0.46
20256,0.93
20257,0.86
20265,0.59
20281,0.02
20282,0.83
20286,0.53
20288,0.3
20303,0.25
20311,0.51
20315,0.67
20316,0.08
20334,0.67
20338,0.56
20349,0.07
20350,0.35
20352,0.39
20359,0.53
20367,0.68
20369,0.18
20370,0.26
20371,0.09
20375,0.25
20376,0.06
20378,0.64
20383,0.41
20385,0.67
20387,0.19
20388,0.3
20392,0.48
20393,0.01
20401,0.24
20402,0.05
20404,0.09
20405,0.18
20406,0.41
20409,0.8
20412,0.22
20413,0.09
20414,0.2
20415,0.92
20416,0.67
20431,0.87
20433,0.07
20444,0.13
20447,0.38
20448,0.19
20455,0.03
20457,0.01
20458,0.18
20463,0.1
20465,0.56
20474,0.23
20475,0.01
20480,0.07
20483,0.41
20488,0.83
20489,0.03
20492,0.26
20494,0.92
20497,0.68
20498,0.73
20499,0.05
20501,0.1
20505,0.56
20513,0
20516,0.14
20522,0.74
20527,0.06
20529,0.06
20537,0.01
20539,0.61
20545,0.03
20552,0.3
20554,0.78
20556,0.24
20562,0.13
20574,0.17
20581,0.18
20584,0.11
20585,0.24
20587,0.02
20588,0.04
20589,0.11
20590,0.17
20594,0.35
20603,0.26
20608,0.05
20617,0.31
20618,0.06
20620,0.17
20635,0.26
20640,0.41
20641,0.14
20643,0
20647,0.32
20649,0.3
20650,0.1
20652,0.32
20655,0.13
20658,0.06
20667,0.05
20684,0.03
20691,0.18
20692,0.1
20704,0.09
20715,0.18
20719,0.45
20720,0.02
20725,0.59
20733,0.12
20739,0.18
20742,0.74
20745,0.04
20752,0.3
20753,0.03
20754,0
20756,0.2
20759,0.06
20762,0.19
20767,0.5
20776,0.24
20784,0.01
20785,0.09
20786,0.09
20794,0.16
20797,0.14
20803,0.69
20810,0.12
20813,0.62
20814,0.7
20824,0.18
20830,0.22
20838,0.18
20839,0.45
20841,0.29
20842,0.25
20843,0.32
20845,0.27
20848,0.15
20849,0.02
20850,0.19
20853,0.39
20854,0.5
20855,0.77
20861,0.25
20862,0.22
20868,0.32
20872,0.03
20874,0.03
20883,0.13
20885,0.05
20891,0.25
20897,0.13
20899,0.15
20903,0.9
20910,0.19
20912,0.17
20925,0.5
20936,0.02
20937,0.34
20939,0.11
20943,0.21
20947,0.11
20948,0.09
20957,0.01
20963,0.39
20969,0.02
20971,0.03
20977,0.02
20988,0.1
20992,0.7
20993,0.81
20995,0.15
20999,0.17
21008,0.21
21013,0.84
21016,0.58
21017,0.5
21019,0.33
21020,0.06
21021,0.06
21028,0.9
21029,0.29
21033,0.26
21036,0.13
21037,0.16
21047,0.1
21049,0.11
21054,0.2
21057,0.31
21059,0.11
21061,0.44
21066,0.06
21067,0.13
21077,0.57
21081,0.1
21083,0.12
21084,0.02
21086,0.17
21089,0.18
21095,0.17
21097,0.09
21103,0.55
21104,0.04
21107,0.06
21108,0.8
21111,0.11
21114,0.38
21119,0.01
21127,0.26
21139,0.48
21141,0.29
21149,0.05
21150,0.04
21153,0.16
21155,0.14
21160,0.04
21168,0.17
21169,0.26
21173,0.04
21179,0.1
21181,0.12
21188,0.11
21193,0.2
21198,0.07
21199,0.48
21204,0.57
21206,0.25
21215,0.38
21217,0.04
21219,0.04
21222,0.56
21224,0.29
21225,0.26
21231,0.09
21257,0.24
21259,0.05
21264,0.83
21271,0.31
21272,0.11
21281,0.04
21282,0.1
21286,0.88
21288,0.17
21291,0.11
21296,0.44
21297,0.1
21304,0.08
21309,0.2
21314,0.37
21316,0.19
21323,0.14
21328,0.16
21330,0.38
21331,0.4
21334,0.17
21341,0.61
21344,0.63
21348,0.19
21349,0.52
21351,0.1
21354,0.08
21360,0.14
21361,0.35
21378,0.16
21385,0.06
21389,0.5
21393,0.73
21399,0.19
21411,0.31
21413,0.06
21414,0.03
21418,0.25
21423,0.12
21425,0.2
21427,0.16
21430,0.18
21432,0.26
21434,0.12
21438,0.43
21441,0.13
21447,0.41
21450,0.92
21454,0.2
21463,0.75
21464,0.71
21466,0.11
21467,0.9
21468,0.12
21469,0.12
21470,0.21
21473,0.05
21474,0.21
21483,0.09
21485,0.04
21487,0.65
21491,0.1
21495,0.14
21498,0.42
21507,0.09
21509,0.77
21514,0.75
21515,0.11
21517,0.47
21525,0.55
21532,0.15
21542,0.26
21544,0.2
21550,0.37
21554,0.01
21560,0.48
21571,0.05
21580,0.12
21582,0.01
21584,0.17
21585,0.42
21587,0.24
21588,0.09
21591,0.14
21593,0.31
21604,0.18
21606,0.38
21607,0.12
21614,0.02
21616,0.12
21618,0.21
21626,0.05
21628,0.09
21630,0.41
21633,0.54
21635,0.75
21638,0.42
21639,0.16
21643,0.1
21647,0.72
21659,0.12
21660,0.56
21664,0.19
21665,0.05
21672,0.17
21674,0.15
21678,0.06
21680,0.1
21681,0.1
21686,0.32
21690,0.17
21691,0.43
21696,0.01
21700,0.17
21701,0.43
21703,0.73
21712,0.06
21715,0.21
21716,0.53
21719,0.7
21720,0.22
21726,0
21728,0.07
21729,0.22
21734,0.2
21750,0.04
21752,0.38
21753,0.04
21755,0.19
21760,0.06
21761,0.13
21762,0.19
21765,0.04
21769,0.05
21771,0
21774,0.1
21777,0.13
21778,0.09
21783,0.09
21795,0.17
21798,0.19
21802,0.16
21803,0.26
21806,0.05
21807,0.13
21810,0.66
21811,0.41
21812,0.67
21813,0.09
21814,0.13
21820,0.3
21821,0.16
21822,0.12
21844,0.23
21845,0.09
21846,0.01
21848,0.9
21855,0.05
21856,0.04
21862,0.14
21869,0.22
21871,0.21
21881,0.43
21888,0.04
21892,0.47
21895,0.16
21898,0.01
21900,0.13
21901,0.71
21902,0.09
21904,0.06
21906,0.88
21909,0.28
21912,0.29
21913,0.1
21917,0.74
21919,0.12
21927,0.1
21929,0.35
21930,0.07
21931,0.07
21935,0.33
21947,0.29
21949,0.3
21953,0.12
21968,0.59
21979,0.01
21985,0.35
21988,0.38
21998,0.87
21999,0.1
22008,0.22
22021,0.45
22027,0.05
22034,0.07
22038,0.94
22047,0.02
22051,0.25
22054,0.4
22058,0.02
22061,0.84
22070,0.14
22079,0.21
22080,0.23
22086,0.06
22098,0.17
22099,0.14
22104,0
22105,0.11
22112,0.72
22114,0.17
22117,0.06
22120,0.73
22129,0.03
22138,0.49
22144,0.04
22148,0.54
22151,0.21
22159,0.21
22163,0.37
22164,0.7
22165,0.31
22166,0.08
22178,0.16
22184,0.21
22193,0.14
22194,0.07
22197,0.01
22206,0.07
22210,0.06
22213,0.39
22214,0.34
22217,0.11
22221,0.05
22224,0.03
22225,0.26
22231,0.38
22238,0.17
22242,0.24
22247,0.15
22250,0.06
22253,0.04
22254,0.09
22256,0.25
22259,0.08
22260,0.12
22261,0.05
22264,0.15
22270,0.2
22271,0.03
22279,0.14
22282,0.22
22286,0.75
22288,0.38
22291,0.76
22296,0.07
22309,0.15
22313,0.07
22314,0.08
22319,0.21
22321,0
22329,0.09
22330,0.92
22337,0.88
22363,0.09
22369,0.04
22375,0.51
22386,0.18
22389,0.07
22396,0.05
22401,0.07
22404,0.08
22412,0.12
22413,0.14
22415,0.55
22423,0.15
22429,0.02
22435,0.07
22436,0.32
22440,0
22441,0.1
22443,0.25
22446,0.18
22454,0.1
22455,0.27
22456,0.02
22457,0.02
22464,0.05
22469,0.16
22470,0.38
22471,0.05
22475,0.5
22477,0.17
22489,0.17
22490,0.11
22499,0.21
22502,0.04
22503,0.65
22504,0.04
22506,0.08
22511,0.22
22516,0.08
22517,0.11
22524,0.1
22525,0.01
22528,0.23
22533,0.09
22541,0
22542,0.1
22545,0.39
22553,0.19
22559,0.12
22560,0.11
22566,0.08
22569,0.3
22571,0.12
22577,0.14
22585,0.23
22590,0.18
22591,0.03
22611,0.49
22612,0.03
22618,0.29
22619,0.66
22622,0.1
22629,0.76
22630,0.09
22636,0.05
22637,0.06
22638,0.14
22641,0.09
22649,0.28
22655,0.2
22656,0
22664,0.24
22671,0.12
22677,0.17
22687,0.07
22692,0.11
22698,0.1
22706,0.22
22707,0.22
22712,0.12
22714,0.19
22716,0.19
22719,0.05
22730,0.44
22731,0.21
22736,0.09
22742,0.08
22746,0.05
22749,0.36
22750,0.08
22752,0.04
22773,0.11
22776,0.04
22777,0.1
22778,0.18
22791,0.15
22796,0.02
22798,0.13
22808,0.05
22811,0.05
22819,0.3
22822,0.13
22831,0.84
22832,0.85
22833,0.11
22840,0.03
22843,0.08
22847,0.2
22854,0.32
22856,0.2
22865,0.21
22866,0.12
22868,0.09
22869,0.06
22870,0.5
22871,0.14
22887,0.04
22896,0.5
22900,0.35
22904,0.9
22906,0.09
22907,0.08
22910,0.04
22911,0.09
22914,0.09
22918,0.07
22919,0.55
22922,0.15
22925,0.31
22931,0.12
22934,0.07
22935,0
22936,0.02
22939,0.04
22941,0.88
22942,0.14
22943,0.18
22953,0.1
22956,0.06
22968,0.08
22977,0.14
22981,0.06
23000,0.36
23001,0.26
23003,0.24
23004,0.07
23005,0.13
23007,0.02
23008,0.12
23010,0.2
23015,0.29
23018,0.03
23028,0.07
23030,0.04
23031,0.6
23032,0.18
23035,0.1
23036,0.06
23050,0.19
23063,0.05
23065,0.14
23071,0.08
23075,0.2
23077,0.03
23080,0.09
23082,0.16
23083,0.36
23088,0.77
23092,0.22
23093,0.19
23095,0.1
23098,0.04
23106,0.16
23109,0.17
23112,0.28
23115,0.02
23120,0.06
23121,0.12
23123,0.02
23129,0.31
23131,0.74
23134,0.16
23146,0.04
23148,0.13
23152,0.14
23158,0.19
23159,0.71
23171,0.07
23183,0.15
23192,0.05
23193,0.04
23197,0.11
23199,0.03
23204,0.05
23213,0.01
23215,0.17
23237,0.19
23243,0.11
23247,0.26
23250,0.25
23255,0.19
23257,0.16
23258,0.13
23264,0.68
23269,0.07
23270,0.04
23273,0.3
23274,0.15
23277,0.05
23278,0.29
23279,0.1
23280,0.05
23285,0.01
23287,0.23
23290,0.24
23301,0.06
23307,0.8
23313,0.16
23320,0.09
23322,0.09
23323,0.08
23327,0.21
23332,0.07
23333,0.23
23347,0.16
23348,0.06
23354,0.07
23356,0.85
23362,0.24
23365,0.03
23374,0.04
23380,0.02
23384,0.26
23385,0.65
23393,0.13
23396,0.19
23401,0.19
23407,0.31
23408,0.1
23421,0.12
23428,0.21
23430,0.06
23433,0.13
23435,0.17
23436,0.24
23447,0.08
23453,0.03
23454,0.18
23455,0.12
23464,0.28
23465,0.25
23473,0.03
23475,0.15
23477,0.04
23486,0.06
23491,0.2
23495,0.06
23496,0.15
23502,0.41
23506,0.45
23507,0.05
23515,0.7
23516,0.04
23517,0.13
23521,0.32
23524,0.34
23531,0.02
23532,0.15
23544,0.06
23550,0.07
23553,0.29
23563,0.14
23566,0.03
23574,0.16
23579,0.11
23582,0.55
23583,0.08
23587,0.22
23601,0.11
23607,0.25
23609,0.39
23610,0.24
23612,0.16
23621,0.12
23631,0.58
23635,0.06
23636,0.54
23637,0.2
23644,0.08
23647,0.23
23650,0.66
23660,0.05
23661,0.13
23674,0.16
23677,0.06
23680,0.32
23682,0
23685,0.24
23695,0.52
23699,0.37
23702,0.83
23708,0.37
23713,0.2
23714,0.23
23725,0.55
23739,0.37
23742,0.2
23746,0.61
23753,0.19
23755,0.34
23758,0.07
23770,0.22
23771,0.11
23772,0.69
23777,0.1
23779,0.19
23783,0.15
23784,0.28
23786,0.61
23793,0.03
23803,0.72
23805,0.22
23808,0.31
23810,0.41
23813,0.78
23815,0.76
23822,0.84
23825,0.83
23826,0.5
23835,0.65
23836,0.28
23841,0.11
23846,0.27
23852,0.55
23856,0.02
23860,0.03
23861,0.17
23863,0.18
23869,0.19
23870,0.27
23871,0.18
23872,0.56
23887,0.02
23888,0.75
23889,0.19
23892,0.3
23893,0.08
23895,0.28
23903,0.1
23904,0.21
23905,0.3
23910,0.49
23913,0.18
23918,0.18
23922,0.29
23925,0.09
23927,0.46
23934,0.16
23935,0.59
23949,0.21
23952,0.12
23958,0.19
23969,0.39
23983,0.06
23984,0.07
23987,0.39
23991,0.34
23992,0.21
23993,0.22
23999,0.26
24000,0.74
24001,0.85
24003,0.02
24004,0.32
24009,0.13
24014,0.5
24016,0.41
24018,0.19
24027,0.82
24035,0.31
24037,0.07
24042,0.94
24047,0.07
24054,0.18
24058,0.26
24061,0.32
24062,0.87
24063,0.66
24065,0.22
24066,0.34
24075,0.22
24082,0.16
24088,0.81
24090,0.37
24095,0.07
24096,0.02
24098,0.1
24101,0.21
24107,0.07
24109,0.45
24118,0.1
24121,0.06
24128,0.11
24129,0.63
24135,0.06
24149,0.33
24154,0.17
24162,0.05
24165,0.71
24167,0.11
24168,0.83
24169,0.81
24173,0.7
24174,0.13
24176,0.21
24181,0.09
24193,0.47
24200,0.38
24202,0.11
24216,0.18
24219,0.6
24221,0.04
24227,0.23
24228,0.03
24229,0.44
24231,0.1
24234,0.21
24236,0.01
24237,0.76
24245,0.12
24251,0.45
24253,0.66
24259,0.11
24262,0
24265,0.14
24273,0.11
24276,0.27
24277,0.07
24279,0.06
24280,0.05
24282,0.08
24284,0.29
24286,0.24
24287,0.83
24288,0.02
24295,0.61
24296,0.32
24300,0.2
24303,0.9
24308,0.26
24310,0.12
24314,0.01
24318,0.25
24322,0.24
24324,0.47
24337,0.07
24339,0.16
24348,0.04
24357,0.21
24358,0.04
24359,0.15
24366,0.23
24369,0.73
24375,0.14
24376,0.11
24377,0.56
24381,0.03
24388,0.07
24391,0.08
24397,0.39
24398,0.97
24404,0.13
24406,0.53
24408,0.16
24413,0.03
24416,0.29
24421,0.06
24422,0.07
24424,0.23
24425,0.23
24426,0.05
24437,0.17
24441,0.19
24462,0.15
24463,0.03
24465,0.07
24471,0.08
24473,0.02
24475,0.22
24482,0.16
24483,0.13
24486,0.13
24490,0.11
24491,0.03
24495,0.75
24496,0.01
24501,0.51
24504,0.14
24509,0.13
24511,0.07
24512,0.33
24519,0.16
24520,0.07
24521,0.02
24531,0.32
24536,0.06
24538,0.43
24544,0.01
24550,0.08
24554,0.13
24556,0.2
24559,0.84
24561,0.39
24572,0.34
24574,0.25
24581,0.36
24582,0.05
24583,0.25
24584,0.17
24587,0.23
24600,0.13
24601,0.78
24602,0.62
24606,0
24607,0.09
24611,0.02
24613,0.12
24615,0.01
24619,0.1
24621,0.09
24627,0.07
24628,0.85
24629,0.14
24632,0.22
24633,0.36
24638,0.03
24641,0.9
24642,0.28
24644,0.05
24650,0.22
24664,0.05
24665,0.61
24670,0.08
24677,0.63
24679,0.06
24687,0.13
24693,0.26
24695,0.05
24696,0.04
24704,0.2
24706,0.2
24723,0.46
24726,0.09
24730,0.25
24733,0.19
24740,0.01
24743,0.02
24751,0.69
24755,0.29
24759,0.62
24762,0.04
24775,0.04
24782,0.5
24786,0.04
24789,0.07
24804,0.06
24805,0.15
24807,0.35
24810,0.09
24812,0.18
24818,0.73
24823,0.1
24825,0.1
24834,0.03
24835,0.37
24839,0.01
24849,0.04
24857,0.22
24866,0.52
24871,0.06
24874,0.83
24875,0.04
24881,0.12
24896,0.22
24898,0.05
24902,0.34
24906,0.1
24907,0.58
24909,0.34
24911,0.02
24913,0.07
24917,0.18
24921,0.19
24923,0.11
24925,0.05
24930,0.15
24933,0.19
24934,0.82
24935,0.33
24940,0.02
24941,0.09
24943,0.21
24952,0.44
24954,0.19
24955,0.17
24956,0.13
24957,0.2
24963,0.43
24964,0.08
24973,0.11
24974,0.62
24978,0.01
24990,0.03
24998,0.34
25002,0.36
25009,0.67
25012,0.11
25013,0.14
25021,0.83
25026,0.06
25027,0.27
25028,0.15
25029,0.65
25033,0.82
25035,0.21
25041,0.69
25043,0.36
25053,0.21
25054,0.91
25062,0.33
25063,0.88
25064,0.63
25067,0.02
25068,0.12
25070,0.77
25078,0.41
25079,0.06
25080,0.34
25082,0.22
25089,0.21
25091,0.14
25094,0.2
25095,0.59
25098,0.63
25099,0.11
25103,0.83
25104,0.04
25109,0.03
25112,0.66
25114,0.03
25122,0.5
25126,0.56
25137,0.8
25146,0.93
25148,0.12
25154,0.46
25157,0.56
25164,0.16
25165,0.15
25166,0.06
25174,0.08
25185,0.03
25186,0.29
25192,0.95
25196,0.58
25200,0.22
25209,0.27
25211,0.23
25218,0.12
25227,0.48
25229,0.16
25241,0.8
25249,0.87
25250,0.1
25252,0.06
25253,0.6
25256,0.8
25260,0.89
25268,0.18
25269,0.16
25275,0.28
25276,0.19
25278,0
25283,0.34
25285,0.08
25286,0.64
25288,0.76
25289,0.05
25293,0.75
25315,0.11
25319,0.24
25323,0.05
25327,0.88
25328,0.24
25341,0.23
25343,0.83
25346,0.19
25349,0.77
25351,0.83
25356,0.08
25357,0.11
25374,0.58
25375,0.21
25380,0.39
25382,0.76
25388,0.69
25390,0.15
25392,0.11
25393,0.08
25396,0.37
25399,0.02
25411,0.19
25412,0.29
25413,0.09
25425,0.02
25427,0.9
25432,0.07
25434,0.84
25445,0.13
25447,0.1
25453,0.25
25459,0.13
25464,0.12
25467,0.36
25468,0.67
25485,0.71
25487,0.48
25490,0.82
25500,0.17
25506,0.04
25509,0.54
25511,0.9
25515,0.04
25519,0.06
25524,0.03
25530,0.1
25532,0.28
25538,0.32
25539,0.13
25542,0.25
25544,0.45
25558,0.33
25560,0.02
25563,0.26
25567,0.09
25577,0.03
25582,0.36
25584,0.15
25589,0.15
25592,0.03
25593,0.28
25596,0.12
25597,0.18
25600,0.23
25601,0.07
25603,0.04
25610,0.09
25613,0.17
25628,0.2
25631,0.05
25635,0.05
25637,0.15
25639,0.14
25641,0.07
25648,0.32
25650,0.05
25652,0.1
25655,0.16
25661,0.27
25664,0.39
25674,0.06
25676,0.26
25677,0.32
25679,0.78
25683,0.17
25684,0.08
25689,0.07
25696,0.22
25714,0.04
25718,0.14
25719,0.11
25722,0.08
25727,0.09
25728,0.78
25729,0.06
25730,0
25731,0.4
25745,0.15
25753,0.57
25754,0.25
25756,0.1
25764,0.79
25769,0.07
25770,0.05
25771,0.09
25772,0.03
25779,0.23
25782,0.46
25783,0.17
25787,0.44
25795,0.18
25796,0.24
25803,0.09
25811,0.07
25814,0.05
25818,0.15
25819,0.09
25821,0.23
25829,0.19
25831,0.32
25833,0.07
25840,0.24
25845,0.55
25849,0.03
25850,0.13
25851,0.46
25853,0.17
25854,0.15
25856,0.17
25857,0.05
25858,0.16
25862,0.14
25863,0.39
25867,0.26
25870,0.91
25876,0.18
25877,0.03
25878,0.07
25879,0.84
25880,0.15
25884,0.03
25888,0.07
25889,0.24
25890,0.13
25891,0.36
25903,0.12
25905,0.47
25907,0.09
25922,0.05
25935,0.16
25940,0.19
25942,0.04
25951,0.16
25957,0.31
25969,0.03
25970,0.42
25971,0.2
25974,0.19
25982,0
25986,0.03
25995,0.16
25997,0.06
25998,0.1
26006,0.17
26008,0.1
26013,0.9
26018,0.12
26022,0.11
26031,0.07
26032,0.02
26036,0.06
26038,0.02
26039,0.48
26041,0.08
26045,0.09
26052,0.09
26059,0.14
26063,0.93
26074,0.2
26078,0.14
26085,0.02
26090,0.05
26095,0.94
26102,0.85
26103,0.18
26116,0.07
26117,0.11
26118,0.23
26119,0.02
26127,0.08
26128,0.26
26134,0.29
26138,0
26145,0.15
26154,0.1
26155,0.25
26158,0.07
26159,0.13
26160,0.06
26166,0.15
26168,0.75
26173,0.31
26174,0.52
26179,0.01
26188,0.06
26192,0.07
26194,0.1
26199,0.5
26201,0.32
26214,0.11
26215,0.29
26216,0.23
26217,0.66
26225,0.07
26232,0.13
26236,0.09
26238,0.11
26253,0.18
26255,0.14
26260,0.38
26262,0.11
26263,0.03
26267,0.28
26270,0.26
26278,0.33
26279,0.11
26281,0.71
26285,0.05
26287,0.03
26289,0.53
26296,0.34
26301,0.49
26308,0.64
26310,0.22
26311,0.29
26315,0.38
26320,0.07
26322,0.23
26323,0.37
26324,0.19
26327,0.3
26329,0.16
26330,0.2
26331,0.21
26333,0.18
26334,0.05
26335,0.21
26338,0.01
26341,0.34
26346,0.1
26347,0.14
26358,0.07
26366,0.13
26367,0.05
26376,0.28
26377,0.06
26379,0.89
26380,0.3
26383,0.01
26388,0.09
26391,0.55
26395,0.69
26400,0.03
26404,0.1
26422,0.23
26429,0.08
26432,0.06
26439,0.07
26450,0.07
26457,0.45
26460,0.53
26476,0.52
26483,0.05
26485,0.8
26490,0.27
26494,0.13
26495,0.91
26499,0.89
26507,0.62
26521,0.43
26523,0.71
26527,0.66
26530,0.35
26534,0.66
26536,0.58
26538,0.28
26550,0.04
26552,0.47
26553,0.14
26563,0.75
26565,0.68
26573,0.74
26578,0.18
26585,0.22
26588,0.4
26592,0.13
26596,0.13
26601,0.4
26614,0.31
26615,0.86
26618,0.08
26619,0.17
26620,0.39
26623,0.08
26627,0.14
26639,0.28
26641,0.89
26642,0.25
26647,0.07
26651,0.79
26668,0.1
26669,0.04
26670,0.01
26678,0.04
26683,0.03
26690,0.68
26693,0.1
26700,0.09
26709,0.18
26712,0.11
26716,0.55
26721,0.09
26722,0.03
26726,0.06
26734,0.44
26735,0.35
26743,0.13
26744,0.55
26745,0.07
26748,0.14
26750,0.86
26757,0.03
26771,0.19
26776,0.37
26780,0.55
26784,0.05
26788,0.03
26793,0.43
26797,0.08
26798,0.17
26803,0.21
26804,0.36
26806,0.14
26809,0.06
26810,0.01
26813,0.05
26818,0.18
26828,0.09
26831,0.44
26832,0.02
26836,0.07
26837,0.03
26838,0.17
26839,0.16
26858,0.08
26874,0.33
26875,0.02
26881,0.74
26885,0.18
26886,0.18
26893,0.47
26896,0.14
26907,0.1
26908,0.14
26917,0.48
26919,0.08
26920,0.13
26928,0.07
26940,0.01
26944,0.54
26945,0.21
26947,0.11
26948,0.6
26951,0.09
26953,0.14
26957,0.02
26963,0.03
26966,0.71
26971,0.17
26978,0.06
26980,0.19
26982,0.28
26989,0.09
26991,0.1
26994,0.24
26995,0.13
26996,0.02
26997,0.85
26999,0.21
27005,0.14
27012,0.22
27013,0.01
27017,0.1
27021,0.19
27029,0.17
27038,0.22
27041,0.16
27044,0.35
27051,0.13
27052,0.15
27054,0.71
27063,0.11
27071,0.07
27075,0.04
27077,0.24
27097,0.08
27099,0.43
27100,0.11
27101,0.1
27103,0.23
27104,0.17
27108,0.03
27124,0.05
27126,0.29
27127,0.16
27128,0.03
27129,0.09
27133,0.17
27142,0.13
27144,0.35
27148,0.13
27151,0.07
27163,0.04
27164,0.64
27165,0.21
27172,0.02
27173,0.35
27177,0.48
27181,0.18
27182,0.03
27184,0.13
27187,0.09
27190,0.35
27204,0.13
27208,0.08
27212,0.65
27230,0.24
27232,0.04
27235,0.19
27237,0.12
27252,0.11
27258,0.12
27259,0.14
27260,0.84
27262,0.62
27266,0.18
27275,0.24
27282,0.62
27283,0.3
27289,0.04
27293,0.27
27305,0.07
27306,0.06
27307,0.17
27313,0.06
27323,0.25
27325,0.11
27331,0.17
27335,0.02
27338,0.06
27339,0.1
27341,0.15
27344,0.14
27348,0.08
27351,0.19
27354,0.84
27355,0.35
27359,0.05
27360,0.36
27375,0.13
27380,0.07
27385,0.8
27386,0.28
27387,0.79
27389,0.17
27392,0.05
27395,0.07
27398,0.3
27399,0.32
27402,0.1
27406,0.47
27407,0.16
27411,0.08
27412,0.19
27413,0.1
27419,0.2
27421,0.38
27432,0.16
27445,0.03
27446,0.1
27449,0.46
27451,0.04
27457,0.23
27458,0.42
27459,0.99
27461,0.26
27463,0.17
27471,0.68
27481,0.12
27482,0.25
27495,0.76
27496,0.29
27497,0.11
27502,0.31
27505,0.05
27506,0.1
27510,0.91
27517,0.34
27518,0.77
27520,0.04
27526,0.28
27527,0.25
27529,0.06
27531,0.56
27536,0.83
27537,0.95
27542,0.06
27549,0.8
27550,0.8
27554,0.85
27555,0.44
27557,0.86
27558,0.53
27561,0.78
27569,0.39
27571,0.14
27575,0.84
27576,0.24
27581,0.85
27592,0.88
27597,0.05
27598,0.02
27599,0.38
27600,0.78
27613,1
27615,0.09
27617,0
27629,0.37
27630,0.08
27633,0.39
27636,0.08
27637,0.41
27641,0.25
27644,0.41
27657,0.21
27673,0.07
27675,0.09
27678,0.33
27681,0.2
27693,0.25
27696,0.12
27699,0.01
27700,0.35
27701,0.31
27702,0.67
27705,0.77
27708,0.08
27713,0.07
27714,0.1
27717,0.84
27726,0.4
27730,0.14
27735,0.29
27746,0.22
27751,0.26
27758,0.2
27763,0.48
27764,0.04
27765,0.2
27766,0.05
27767,0.27
27773,0.49
27775,0.23
27777,0.04
27780,0.16
27791,0.9
27793,0.11
27795,0.25
27796,0.37
27801,0.77
27805,0.18
27808,0.09
27811,0.38
27817,0.59
27831,0.11
27837,0.13
27840,0.81
27844,0.29
27848,0.08
27855,0.23
27863,0.05
27870,0.19
27877,0.13
27892,0.25
27905,0.25
27906,0.11
27908,0.07
27916,0.7
27919,0.1
27920,0.58
27921,0.49
27928,0.44
27934,0.05
27953,0.07
27958,0.94
27962,0.19
27967,0.35
27968,0.15
27969,0.84
27978,0.3
27979,0.18
27983,0.66
27989,0.03
27991,0.05
27998,0.13
28001,0.28
28006,0.06
28010,0.26
28015,0.1
28016,0.37
28018,0.01
28019,0.33
28028,0.11
28031,0.06
28039,0.09
28042,0.16
28047,0.2
28050,0.09
28059,0.16
28065,0.09
28066,0.81
28071,0.04
28084,0.05
28090,0.26
28093,0.08
28094,0.05
28101,0.02
28111,0.11
28116,0.66
28131,0.05
28133,0.31
28136,0.12
28138,0.25
28140,0.22
28144,0.89
28148,0.02
28155,0.36
28158,0.15
28160,0.11
28163,0.13
28166,0.29
28169,0.06
28172,0.27
28192,0.11
28193,0.11
28194,0.18
28203,0.14
28207,0.55
28211,0.04
28212,0.12
28214,0.29
28229,0.17
28236,0.13
28239,0.19
28240,0.26
28241,0.23
28244,0
28245,0.34
28247,0.28
28248,0.13
28249,0.05
28255,0.13
28260,0.34
28261,0.17
28264,0.09
28265,0.15
28268,0.02
28271,0.42
28277,0.07
28278,0.31
28280,0.17
28282,0.2
28284,0.21
28293,0.02
28296,0.09
28299,0.02
28301,0.24
28302,0.68
28306,0.69
28320,0.53
28324,0.89
28326,0.16
28327,0.02
28329,0.03
28330,0.14
28331,0.32
28336,0.12
28340,0.15
28343,0.04
28344,0.14
28348,0.34
28349,0.07
28353,0.07
28358,0.32
28373,0.78
28380,0.08
28381,0.06
28382,0.21
28386,0.17
28389,0.2
28392,0.1
28396,0.28
28398,0.42
28402,0.17
28405,0.14
28415,0.28
28426,0
28429,0
28432,0.17
28435,0.03
28437,0.12
28438,0.04
28447,0.09
28448,0.1
28456,0.24
28467,0.76
28468,0.11
28469,0.03
28471,0.1
28476,0.16
28477,0.59
28479,0.14
28480,0
28486,0.06
28489,0.55
28491,0.34
28493,0.83
28498,0.03
28500,0.02
28501,0.19
28502,0.62
28503,0.21
28504,0.57
28505,0.49
28515,0.23
28525,0.06
28526,0.01
28529,0.07
28540,0.07
28542,0.04
28545,0.04
28546,0.01
28547,0.81
28549,0.01
28552,0.48
28554,0.16
28562,0
28565,0.06
28574,0.04
28580,0.51
28584,0.05
28589,0.25
28593,0.01
28594,0.12
28597,0.16
28606,0.07
28611,0.19
28615,0.17
28616,0.02
28619,0.06
28634,0.7
28643,0.28
28646,0.03
28651,0.14
28655,0.32
28660,0.02
28664,0.1
28665,0.19
28669,0.17
28679,0.74
28680,0.02
28689,0.05
28691,0.18
28693,0.13
28695,0.1
28699,0.05
28701,0.04
28704,0.33
28707,0.21
28715,0.18
28716,0.11
28721,0.16
28729,0.27
28741,0.05
28747,0.21
28755,0.09
28756,0.09
28758,0.07
28762,0.6
28768,0
28771,0.16
28776,0.28
28777,0.32
28783,0.06
28797,0.26
28802,0.12
28820,0.3
28823,0.13
28824,0.09
28826,0.11
28835,0.18
28839,0.21
28845,0.2
28856,0.17
28865,0.13
28867,0.1
28869,0.1
28870,0.21
28877,0.17
28886,0.1
28901,0.02
28914,0.08
28918,0.11
28930,0.15
28937,0.07
28948,0.15
28956,0.01
28958,0.14
28959,0.76
28962,0.79
28964,0.08
28966,0.09
28977,0.13
28980,0.74
28983,0.06
28984,0
28985,0.16
28996,0.78
28997,0.31
29002,0.26
29003,0.28
29004,0.07
29009,0.05
29011,0.05
29019,0.18
29028,0.2
29031,0.11
29035,0.16
29038,0.38
29039,0.39
29040,0.19
29049,0.2
29050,0.92
29051,0.05
29057,0.8
29067,0.8
29072,0.04
29073,0.14
29074,0.82
29080,0.37
29090,0.18
29095,0.67
29096,0.08
29103,0.24
29104,0.12
29105,0.03
29108,0.37
29111,0.87
29114,0.25
29116,0.94
29118,0.18
29119,0.61
29124,0.1
29125,0.51
29129,0.71
29134,0.64
29136,0.22
29139,0.5
29142,0.05
29157,0.79
29158,0.9
29159,0.9
29161,0.44
29162,0.79
29163,0.24
29172,0.54
29178,0.69
29184,0.1
29189,0.12
29191,0.18
29198,0.18
29210,0.18
29218,0.15
29225,0.85
29230,0.14
29235,0.45
29236,0.06
29238,0.22
29240,0.02
29244,0.08
29248,0.32
29251,0.43
29254,0.12
29262,0.26
29265,0.2
29278,0.04
29287,0.34
29294,0.09
29302,0.14
29303,0.05
29307,0.32
29309,0.8
29310,0.3
29311,0.14
29312,0.32
29314,0.37
29315,0.07
29319,0.8
29321,0.88
29324,0.06
29338,0.17
29340,0.14
29341,0.12
29346,0.56
29352,0.21
29358,0.69
29365,0.11
29374,0.09
29377,0.13
29385,0.24
29386,0.04
29387,0.19
29389,0.11
29399,0.17
29401,0.37
29402,0.14
29405,0.26
29406,0.08
29408,0.32
29411,0.12
29416,0.2
29423,0.13
29428,0.72
29430,0.2
29435,0.04
29440,0.55
29441,0.06
29443,0.03
29447,0.09
29448,0.17
29449,0.32
29455,0.26
29456,0.66
29457,0.34
29458,0.06
29461,0.14
29466,0.02
29468,0.01
29475,0.07
29476,0.1
29495,0.05
29497,0.17
29502,0.11
29505,0.47
29507,0.19
29509,0.15
29514,0.19
29519,0.16
29521,0.05
29526,0.22
29531,0.18
29532,0.21
29536,0.5
29539,0.73
29544,0.05
29545,0.23
29547,0.05
29549,0.14
29552,0.24
29554,0.17
29557,0.82
29559,0.23
29562,0.35
29566,0.48
29572,0.26
29577,0.46
29580,0.98
29585,0.11
29586,0.2
29589,0.04
29604,0.64
29609,0.5
29610,0.23
29618,0.06
29621,0.3
29624,0.04
29630,0.18
29631,0.09
29634,0.31
29637,0.69
29639,0.05
29650,0.14
29652,0.49
29656,0.05
29663,0.1
29664,0.23
29666,0.51
29683,0.19
29686,0.07
29689,0.7
29690,0.19
29698,0.08
29701,0.16
29708,0.38
29714,0.23
29718,0.06
29722,0.08
29731,0.23
29733,0.57
29737,0.16
29743,0.1
29748,0.76
29751,0.06
29753,0.05
29769,0.1
29772,0.4
29778,0.12
29783,0.17
29784,0.53
29786,0.54
29800,0.51
29801,0.04
29802,0.85
29805,0.58
29806,0.14
29809,0.03
29810,0.62
29812,0.24
29814,0.03
29829,0.09
29831,0.52
29839,0.06
29840,0.09
29846,0.32
29847,0.01
29849,0.81
29850,0.08
29851,0.1
29856,0.4
29861,0.02
29869,0.06
29872,0.17
29875,0.06
29880,0.01
29882,0.11
29887,0.03
29888,0.05
29890,0.05
29902,0.22
29904,0.16
29920,0.31
29923,0.12
29926,0.09
29929,0.38
29933,0.47
29934,0.16
29939,0.84
29943,0.13
29944,0.09
29948,0.44
29953,0.2
29962,0.18
29965,0.09
29984,0.22
29989,0.12
29994,0.17
30000,0.06
